"","SNP","frequency","allele","population","allele_count"
"55","rs2456778",0.2064696485623,"A","1000GENOMES:phase_3:ALL",1034
"56","rs2456778",0.7935303514377,"T","1000GENOMES:phase_3:ALL",3974
"57","rs2456778",0.229166666666667,"A","1000GENOMES:phase_3:ACB",44
"58","rs2456778",0.770833333333333,"T","1000GENOMES:phase_3:ACB",148
"59","rs2456778",0.25642965204236,"A","1000GENOMES:phase_3:AFR",339
"60","rs2456778",0.74357034795764,"T","1000GENOMES:phase_3:AFR",983
"61","rs2456778",0.198847262247839,"A","1000GENOMES:phase_3:AMR",138
"62","rs2456778",0.801152737752161,"T","1000GENOMES:phase_3:AMR",556
"63","rs2456778",0.327868852459016,"A","1000GENOMES:phase_3:ASW",40
"64","rs2456778",0.672131147540984,"T","1000GENOMES:phase_3:ASW",82
"65","rs2456778",0.197674418604651,"A","1000GENOMES:phase_3:BEB",34
"66","rs2456778",0.802325581395349,"T","1000GENOMES:phase_3:BEB",138
"67","rs2456778",0.0752688172043011,"A","1000GENOMES:phase_3:CDX",14
"68","rs2456778",0.924731182795699,"T","1000GENOMES:phase_3:CDX",172
"69","rs2456778",0.727272727272727,"T","1000GENOMES:phase_3:CEU",144
"70","rs2456778",0.272727272727273,"A","1000GENOMES:phase_3:CEU",54
"71","rs2456778",0.179611650485437,"A","1000GENOMES:phase_3:CHB",37
"72","rs2456778",0.820388349514563,"T","1000GENOMES:phase_3:CHB",169
"73","rs2456778",0.852380952380952,"T","1000GENOMES:phase_3:CHS",179
"74","rs2456778",0.147619047619048,"A","1000GENOMES:phase_3:CHS",31
"75","rs2456778",0.797872340425532,"T","1000GENOMES:phase_3:CLM",150
"76","rs2456778",0.202127659574468,"A","1000GENOMES:phase_3:CLM",38
"77","rs2456778",0.843253968253968,"T","1000GENOMES:phase_3:EAS",850
"78","rs2456778",0.156746031746032,"A","1000GENOMES:phase_3:EAS",158
"79","rs2456778",0.292929292929293,"A","1000GENOMES:phase_3:ESN",58
"80","rs2456778",0.707070707070707,"T","1000GENOMES:phase_3:ESN",140
"81","rs2456778",0.195825049701789,"A","1000GENOMES:phase_3:EUR",197
"82","rs2456778",0.804174950298211,"T","1000GENOMES:phase_3:EUR",809
"83","rs2456778",0.095959595959596,"A","1000GENOMES:phase_3:FIN",19
"84","rs2456778",0.904040404040404,"T","1000GENOMES:phase_3:FIN",179
"85","rs2456778",0.214285714285714,"A","1000GENOMES:phase_3:GBR",39
"86","rs2456778",0.785714285714286,"T","1000GENOMES:phase_3:GBR",143
"87","rs2456778",0.300970873786408,"A","1000GENOMES:phase_3:GIH",62
"88","rs2456778",0.699029126213592,"T","1000GENOMES:phase_3:GIH",144
"89","rs2456778",0.827102803738318,"T","1000GENOMES:phase_3:IBS",177
"90","rs2456778",0.172897196261682,"A","1000GENOMES:phase_3:IBS",37
"91","rs2456778",0.21078431372549,"A","1000GENOMES:phase_3:ITU",43
"92","rs2456778",0.78921568627451,"T","1000GENOMES:phase_3:ITU",161
"93","rs2456778",0.788461538461538,"T","1000GENOMES:phase_3:JPT",164
"94","rs2456778",0.211538461538462,"A","1000GENOMES:phase_3:JPT",44
"95","rs2456778",0.161616161616162,"A","1000GENOMES:phase_3:KHV",32
"96","rs2456778",0.838383838383838,"T","1000GENOMES:phase_3:KHV",166
"97","rs2456778",0.222222222222222,"A","1000GENOMES:phase_3:LWK",44
"98","rs2456778",0.777777777777778,"T","1000GENOMES:phase_3:LWK",154
"99","rs2456778",0.243362831858407,"A","1000GENOMES:phase_3:GWD",55
"100","rs2456778",0.756637168141593,"T","1000GENOMES:phase_3:GWD",171
"101","rs2456778",0.747058823529412,"T","1000GENOMES:phase_3:MSL",127
"102","rs2456778",0.252941176470588,"A","1000GENOMES:phase_3:MSL",43
"103","rs2456778",0.203125,"A","1000GENOMES:phase_3:MXL",26
"104","rs2456778",0.796875,"T","1000GENOMES:phase_3:MXL",102
"105","rs2456778",0.858823529411765,"T","1000GENOMES:phase_3:PEL",146
"106","rs2456778",0.141176470588235,"A","1000GENOMES:phase_3:PEL",24
"107","rs2456778",0.1875,"A","1000GENOMES:phase_3:PJL",36
"108","rs2456778",0.8125,"T","1000GENOMES:phase_3:PJL",156
"109","rs2456778",0.759615384615385,"T","1000GENOMES:phase_3:PUR",158
"110","rs2456778",0.240384615384615,"A","1000GENOMES:phase_3:PUR",50
"111","rs2456778",0.793456032719836,"T","1000GENOMES:phase_3:SAS",776
"112","rs2456778",0.206543967280164,"A","1000GENOMES:phase_3:SAS",202
"113","rs2456778",0.867647058823529,"T","1000GENOMES:phase_3:STU",177
"114","rs2456778",0.132352941176471,"A","1000GENOMES:phase_3:STU",27
"115","rs2456778",0.224299065420561,"A","1000GENOMES:phase_3:TSI",48
"116","rs2456778",0.775700934579439,"T","1000GENOMES:phase_3:TSI",166
"117","rs2456778",0.74537037037037,"T","1000GENOMES:phase_3:YRI",161
"118","rs2456778",0.25462962962963,"A","1000GENOMES:phase_3:YRI",55
"551","rs2456778",0.7935303514377,"T","1000GENOMES:phase_3:ALL",3974
"561","rs2456778",0.2064696485623,"A","1000GENOMES:phase_3:ALL",1034
"571","rs2456778",0.229166666666667,"A","1000GENOMES:phase_3:ACB",44
"581","rs2456778",0.770833333333333,"T","1000GENOMES:phase_3:ACB",148
"591","rs2456778",0.25642965204236,"A","1000GENOMES:phase_3:AFR",339
"601","rs2456778",0.74357034795764,"T","1000GENOMES:phase_3:AFR",983
"611","rs2456778",0.198847262247839,"A","1000GENOMES:phase_3:AMR",138
"621","rs2456778",0.801152737752161,"T","1000GENOMES:phase_3:AMR",556
"631","rs2456778",0.327868852459016,"A","1000GENOMES:phase_3:ASW",40
"641","rs2456778",0.672131147540984,"T","1000GENOMES:phase_3:ASW",82
"651","rs2456778",0.802325581395349,"T","1000GENOMES:phase_3:BEB",138
"661","rs2456778",0.197674418604651,"A","1000GENOMES:phase_3:BEB",34
"671","rs2456778",0.924731182795699,"T","1000GENOMES:phase_3:CDX",172
"681","rs2456778",0.0752688172043011,"A","1000GENOMES:phase_3:CDX",14
"691","rs2456778",0.272727272727273,"A","1000GENOMES:phase_3:CEU",54
"701","rs2456778",0.727272727272727,"T","1000GENOMES:phase_3:CEU",144
"711","rs2456778",0.820388349514563,"T","1000GENOMES:phase_3:CHB",169
"721","rs2456778",0.179611650485437,"A","1000GENOMES:phase_3:CHB",37
"731","rs2456778",0.852380952380952,"T","1000GENOMES:phase_3:CHS",179
"741","rs2456778",0.147619047619048,"A","1000GENOMES:phase_3:CHS",31
"751","rs2456778",0.202127659574468,"A","1000GENOMES:phase_3:CLM",38
"761","rs2456778",0.797872340425532,"T","1000GENOMES:phase_3:CLM",150
"771","rs2456778",0.156746031746032,"A","1000GENOMES:phase_3:EAS",158
"781","rs2456778",0.843253968253968,"T","1000GENOMES:phase_3:EAS",850
"791","rs2456778",0.292929292929293,"A","1000GENOMES:phase_3:ESN",58
"801","rs2456778",0.707070707070707,"T","1000GENOMES:phase_3:ESN",140
"811","rs2456778",0.195825049701789,"A","1000GENOMES:phase_3:EUR",197
"821","rs2456778",0.804174950298211,"T","1000GENOMES:phase_3:EUR",809
"831","rs2456778",0.904040404040404,"T","1000GENOMES:phase_3:FIN",179
"841","rs2456778",0.095959595959596,"A","1000GENOMES:phase_3:FIN",19
"851","rs2456778",0.214285714285714,"A","1000GENOMES:phase_3:GBR",39
"861","rs2456778",0.785714285714286,"T","1000GENOMES:phase_3:GBR",143
"871","rs2456778",0.699029126213592,"T","1000GENOMES:phase_3:GIH",144
"881","rs2456778",0.300970873786408,"A","1000GENOMES:phase_3:GIH",62
"891","rs2456778",0.827102803738318,"T","1000GENOMES:phase_3:IBS",177
"901","rs2456778",0.172897196261682,"A","1000GENOMES:phase_3:IBS",37
"911","rs2456778",0.21078431372549,"A","1000GENOMES:phase_3:ITU",43
"921","rs2456778",0.78921568627451,"T","1000GENOMES:phase_3:ITU",161
"931","rs2456778",0.211538461538462,"A","1000GENOMES:phase_3:JPT",44
"941","rs2456778",0.788461538461538,"T","1000GENOMES:phase_3:JPT",164
"951","rs2456778",0.838383838383838,"T","1000GENOMES:phase_3:KHV",166
"961","rs2456778",0.161616161616162,"A","1000GENOMES:phase_3:KHV",32
"971","rs2456778",0.222222222222222,"A","1000GENOMES:phase_3:LWK",44
"981","rs2456778",0.777777777777778,"T","1000GENOMES:phase_3:LWK",154
"991","rs2456778",0.243362831858407,"A","1000GENOMES:phase_3:GWD",55
"1001","rs2456778",0.756637168141593,"T","1000GENOMES:phase_3:GWD",171
"1011","rs2456778",0.747058823529412,"T","1000GENOMES:phase_3:MSL",127
"1021","rs2456778",0.252941176470588,"A","1000GENOMES:phase_3:MSL",43
"1031","rs2456778",0.796875,"T","1000GENOMES:phase_3:MXL",102
"1041","rs2456778",0.203125,"A","1000GENOMES:phase_3:MXL",26
"1051","rs2456778",0.858823529411765,"T","1000GENOMES:phase_3:PEL",146
"1061","rs2456778",0.141176470588235,"A","1000GENOMES:phase_3:PEL",24
"1071","rs2456778",0.8125,"T","1000GENOMES:phase_3:PJL",156
"1081","rs2456778",0.1875,"A","1000GENOMES:phase_3:PJL",36
"1091","rs2456778",0.240384615384615,"A","1000GENOMES:phase_3:PUR",50
"1101","rs2456778",0.759615384615385,"T","1000GENOMES:phase_3:PUR",158
"1111","rs2456778",0.793456032719836,"T","1000GENOMES:phase_3:SAS",776
"1121","rs2456778",0.206543967280164,"A","1000GENOMES:phase_3:SAS",202
"1131","rs2456778",0.867647058823529,"T","1000GENOMES:phase_3:STU",177
"1141","rs2456778",0.132352941176471,"A","1000GENOMES:phase_3:STU",27
"1151","rs2456778",0.224299065420561,"A","1000GENOMES:phase_3:TSI",48
"1161","rs2456778",0.775700934579439,"T","1000GENOMES:phase_3:TSI",166
"1171","rs2456778",0.74537037037037,"T","1000GENOMES:phase_3:YRI",161
"1181","rs2456778",0.25462962962963,"A","1000GENOMES:phase_3:YRI",55
"45","rs6677435",0.900159744408946,"G","1000GENOMES:phase_3:ALL",4508
"46","rs6677435",0.0998402555910543,"A","1000GENOMES:phase_3:ALL",500
"47","rs6677435",0.989583333333333,"G","1000GENOMES:phase_3:ACB",190
"48","rs6677435",0.0104166666666667,"A","1000GENOMES:phase_3:ACB",2
"49","rs6677435",0.00605143721633888,"A","1000GENOMES:phase_3:AFR",8
"50","rs6677435",0.993948562783661,"G","1000GENOMES:phase_3:AFR",1314
"51","rs6677435",0.867435158501441,"G","1000GENOMES:phase_3:AMR",602
"52","rs6677435",0.132564841498559,"A","1000GENOMES:phase_3:AMR",92
"53","rs6677435",0.0245901639344262,"A","1000GENOMES:phase_3:ASW",3
"54","rs6677435",0.975409836065574,"G","1000GENOMES:phase_3:ASW",119
"552","rs6677435",0.930232558139535,"G","1000GENOMES:phase_3:BEB",160
"562","rs6677435",0.0697674418604651,"A","1000GENOMES:phase_3:BEB",12
"572","rs6677435",0.209677419354839,"A","1000GENOMES:phase_3:CDX",39
"582","rs6677435",0.790322580645161,"G","1000GENOMES:phase_3:CDX",147
"592","rs6677435",0.95959595959596,"G","1000GENOMES:phase_3:CEU",190
"602","rs6677435",0.0404040404040404,"A","1000GENOMES:phase_3:CEU",8
"612","rs6677435",0.776699029126214,"G","1000GENOMES:phase_3:CHB",160
"622","rs6677435",0.223300970873786,"A","1000GENOMES:phase_3:CHB",46
"632","rs6677435",0.295238095238095,"A","1000GENOMES:phase_3:CHS",62
"642","rs6677435",0.704761904761905,"G","1000GENOMES:phase_3:CHS",148
"652","rs6677435",0.111702127659574,"A","1000GENOMES:phase_3:CLM",21
"662","rs6677435",0.888297872340426,"G","1000GENOMES:phase_3:CLM",167
"672","rs6677435",0.266865079365079,"A","1000GENOMES:phase_3:EAS",269
"682","rs6677435",0.733134920634921,"G","1000GENOMES:phase_3:EAS",739
"692","rs6677435",0.00505050505050505,"A","1000GENOMES:phase_3:ESN",1
"702","rs6677435",0.994949494949495,"G","1000GENOMES:phase_3:ESN",197
"712","rs6677435",0.0417495029821074,"A","1000GENOMES:phase_3:EUR",42
"722","rs6677435",0.958250497017893,"G","1000GENOMES:phase_3:EUR",964
"732","rs6677435",0.0454545454545455,"A","1000GENOMES:phase_3:FIN",9
"742","rs6677435",0.954545454545455,"G","1000GENOMES:phase_3:FIN",189
"752","rs6677435",0.043956043956044,"A","1000GENOMES:phase_3:GBR",8
"762","rs6677435",0.956043956043956,"G","1000GENOMES:phase_3:GBR",174
"772","rs6677435",0.0485436893203883,"A","1000GENOMES:phase_3:GIH",10
"782","rs6677435",0.951456310679612,"G","1000GENOMES:phase_3:GIH",196
"792","rs6677435",0.0373831775700935,"A","1000GENOMES:phase_3:IBS",8
"802","rs6677435",0.962616822429907,"G","1000GENOMES:phase_3:IBS",206
"812","rs6677435",0.887254901960784,"G","1000GENOMES:phase_3:ITU",181
"822","rs6677435",0.112745098039216,"A","1000GENOMES:phase_3:ITU",23
"832","rs6677435",0.701923076923077,"G","1000GENOMES:phase_3:JPT",146
"842","rs6677435",0.298076923076923,"A","1000GENOMES:phase_3:JPT",62
"852","rs6677435",0.303030303030303,"A","1000GENOMES:phase_3:KHV",60
"862","rs6677435",0.696969696969697,"G","1000GENOMES:phase_3:KHV",138
"872","rs6677435",1,"G","1000GENOMES:phase_3:LWK",198
"882","rs6677435",0.00442477876106195,"A","1000GENOMES:phase_3:GWD",1
"892","rs6677435",0.995575221238938,"G","1000GENOMES:phase_3:GWD",225
"902","rs6677435",1,"G","1000GENOMES:phase_3:MSL",170
"912","rs6677435",0.203125,"A","1000GENOMES:phase_3:MXL",26
"922","rs6677435",0.796875,"G","1000GENOMES:phase_3:MXL",102
"932","rs6677435",0.8,"G","1000GENOMES:phase_3:PEL",136
"942","rs6677435",0.2,"A","1000GENOMES:phase_3:PEL",34
"952","rs6677435",0.875,"G","1000GENOMES:phase_3:PJL",168
"962","rs6677435",0.125,"A","1000GENOMES:phase_3:PJL",24
"972","rs6677435",0.0528846153846154,"A","1000GENOMES:phase_3:PUR",11
"982","rs6677435",0.947115384615385,"G","1000GENOMES:phase_3:PUR",197
"992","rs6677435",0.908997955010225,"G","1000GENOMES:phase_3:SAS",889
"1002","rs6677435",0.0910020449897751,"A","1000GENOMES:phase_3:SAS",89
"1012","rs6677435",0.0980392156862745,"A","1000GENOMES:phase_3:STU",20
"1022","rs6677435",0.901960784313726,"G","1000GENOMES:phase_3:STU",184
"1032","rs6677435",0.0420560747663551,"A","1000GENOMES:phase_3:TSI",9
"1042","rs6677435",0.957943925233645,"G","1000GENOMES:phase_3:TSI",205
"1052","rs6677435",0.00462962962962963,"A","1000GENOMES:phase_3:YRI",1
"1062","rs6677435",0.99537037037037,"G","1000GENOMES:phase_3:YRI",215
"27","rs4129566",0.908546325878594,"T","1000GENOMES:phase_3:ALL",4550
"28","rs4129566",0.0914536741214057,"C","1000GENOMES:phase_3:ALL",458
"29","rs4129566",0.895833333333333,"T","1000GENOMES:phase_3:ACB",172
"30","rs4129566",0.104166666666667,"C","1000GENOMES:phase_3:ACB",20
"31","rs4129566",0.900151285930408,"T","1000GENOMES:phase_3:AFR",1190
"32","rs4129566",0.0998487140695915,"C","1000GENOMES:phase_3:AFR",132
"33","rs4129566",0.0763688760806916,"C","1000GENOMES:phase_3:AMR",53
"34","rs4129566",0.923631123919308,"T","1000GENOMES:phase_3:AMR",641
"35","rs4129566",0.114754098360656,"C","1000GENOMES:phase_3:ASW",14
"36","rs4129566",0.885245901639344,"T","1000GENOMES:phase_3:ASW",108
"37","rs4129566",0.0755813953488372,"C","1000GENOMES:phase_3:BEB",13
"38","rs4129566",0.924418604651163,"T","1000GENOMES:phase_3:BEB",159
"39","rs4129566",0.00537634408602151,"C","1000GENOMES:phase_3:CDX",1
"40","rs4129566",0.994623655913978,"T","1000GENOMES:phase_3:CDX",185
"41","rs4129566",0.848484848484849,"T","1000GENOMES:phase_3:CEU",168
"42","rs4129566",0.151515151515152,"C","1000GENOMES:phase_3:CEU",30
"43","rs4129566",0.995145631067961,"T","1000GENOMES:phase_3:CHB",205
"44","rs4129566",0.00485436893203883,"C","1000GENOMES:phase_3:CHB",1
"451","rs4129566",0.00476190476190476,"C","1000GENOMES:phase_3:CHS",1
"461","rs4129566",0.995238095238095,"T","1000GENOMES:phase_3:CHS",209
"471","rs4129566",0.0638297872340425,"C","1000GENOMES:phase_3:CLM",12
"481","rs4129566",0.936170212765957,"T","1000GENOMES:phase_3:CLM",176
"491","rs4129566",0.995039682539683,"T","1000GENOMES:phase_3:EAS",1003
"501","rs4129566",0.00496031746031746,"C","1000GENOMES:phase_3:EAS",5
"511","rs4129566",0.116161616161616,"C","1000GENOMES:phase_3:ESN",23
"521","rs4129566",0.883838383838384,"T","1000GENOMES:phase_3:ESN",175
"531","rs4129566",0.139165009940358,"C","1000GENOMES:phase_3:EUR",140
"541","rs4129566",0.860834990059642,"T","1000GENOMES:phase_3:EUR",866
"553","rs4129566",0.888888888888889,"T","1000GENOMES:phase_3:FIN",176
"563","rs4129566",0.111111111111111,"C","1000GENOMES:phase_3:FIN",22
"573","rs4129566",0.10989010989011,"C","1000GENOMES:phase_3:GBR",20
"583","rs4129566",0.89010989010989,"T","1000GENOMES:phase_3:GBR",162
"593","rs4129566",0.844660194174757,"T","1000GENOMES:phase_3:GIH",174
"603","rs4129566",0.155339805825243,"C","1000GENOMES:phase_3:GIH",32
"613","rs4129566",0.172897196261682,"C","1000GENOMES:phase_3:IBS",37
"623","rs4129566",0.827102803738318,"T","1000GENOMES:phase_3:IBS",177
"633","rs4129566",0.17156862745098,"C","1000GENOMES:phase_3:ITU",35
"643","rs4129566",0.82843137254902,"T","1000GENOMES:phase_3:ITU",169
"653","rs4129566",1,"T","1000GENOMES:phase_3:JPT",208
"663","rs4129566",0.98989898989899,"T","1000GENOMES:phase_3:KHV",196
"673","rs4129566",0.0101010101010101,"C","1000GENOMES:phase_3:KHV",2
"683","rs4129566",0.924242424242424,"T","1000GENOMES:phase_3:LWK",183
"693","rs4129566",0.0757575757575758,"C","1000GENOMES:phase_3:LWK",15
"703","rs4129566",0.110619469026549,"C","1000GENOMES:phase_3:GWD",25
"713","rs4129566",0.889380530973451,"T","1000GENOMES:phase_3:GWD",201
"723","rs4129566",0.935294117647059,"T","1000GENOMES:phase_3:MSL",159
"733","rs4129566",0.0647058823529412,"C","1000GENOMES:phase_3:MSL",11
"743","rs4129566",0.953125,"T","1000GENOMES:phase_3:MXL",122
"753","rs4129566",0.046875,"C","1000GENOMES:phase_3:MXL",6
"763","rs4129566",0.964705882352941,"T","1000GENOMES:phase_3:PEL",164
"773","rs4129566",0.0352941176470588,"C","1000GENOMES:phase_3:PEL",6
"783","rs4129566",0.880208333333333,"T","1000GENOMES:phase_3:PJL",169
"793","rs4129566",0.119791666666667,"C","1000GENOMES:phase_3:PJL",23
"803","rs4129566",0.139423076923077,"C","1000GENOMES:phase_3:PUR",29
"813","rs4129566",0.860576923076923,"T","1000GENOMES:phase_3:PUR",179
"823","rs4129566",0.869120654396728,"T","1000GENOMES:phase_3:SAS",850
"833","rs4129566",0.130879345603272,"C","1000GENOMES:phase_3:SAS",128
"843","rs4129566",0.877450980392157,"T","1000GENOMES:phase_3:STU",179
"853","rs4129566",0.122549019607843,"C","1000GENOMES:phase_3:STU",25
"863","rs4129566",0.855140186915888,"T","1000GENOMES:phase_3:TSI",183
"873","rs4129566",0.144859813084112,"C","1000GENOMES:phase_3:TSI",31
"883","rs4129566",0.888888888888889,"T","1000GENOMES:phase_3:YRI",192
"893","rs4129566",0.111111111111111,"C","1000GENOMES:phase_3:YRI",24
"321","rs11944332",0.908746006389776,"A","1000GENOMES:phase_3:ALL",4551
"331","rs11944332",0.0912539936102236,"G","1000GENOMES:phase_3:ALL",457
"341","rs11944332",0.895833333333333,"A","1000GENOMES:phase_3:ACB",172
"351","rs11944332",0.104166666666667,"G","1000GENOMES:phase_3:ACB",20
"361","rs11944332",0.900907715582451,"A","1000GENOMES:phase_3:AFR",1191
"371","rs11944332",0.0990922844175492,"G","1000GENOMES:phase_3:AFR",131
"381","rs11944332",0.923631123919308,"A","1000GENOMES:phase_3:AMR",641
"391","rs11944332",0.0763688760806916,"G","1000GENOMES:phase_3:AMR",53
"401","rs11944332",0.114754098360656,"G","1000GENOMES:phase_3:ASW",14
"411","rs11944332",0.885245901639344,"A","1000GENOMES:phase_3:ASW",108
"421","rs11944332",0.0755813953488372,"G","1000GENOMES:phase_3:BEB",13
"431","rs11944332",0.924418604651163,"A","1000GENOMES:phase_3:BEB",159
"441","rs11944332",0.00537634408602151,"G","1000GENOMES:phase_3:CDX",1
"452","rs11944332",0.994623655913978,"A","1000GENOMES:phase_3:CDX",185
"462","rs11944332",0.151515151515152,"G","1000GENOMES:phase_3:CEU",30
"472","rs11944332",0.848484848484849,"A","1000GENOMES:phase_3:CEU",168
"482","rs11944332",0.995145631067961,"A","1000GENOMES:phase_3:CHB",205
"492","rs11944332",0.00485436893203883,"G","1000GENOMES:phase_3:CHB",1
"502","rs11944332",0.995238095238095,"A","1000GENOMES:phase_3:CHS",209
"512","rs11944332",0.00476190476190476,"G","1000GENOMES:phase_3:CHS",1
"522","rs11944332",0.936170212765957,"A","1000GENOMES:phase_3:CLM",176
"532","rs11944332",0.0638297872340425,"G","1000GENOMES:phase_3:CLM",12
"542","rs11944332",0.00496031746031746,"G","1000GENOMES:phase_3:EAS",5
"554","rs11944332",0.995039682539683,"A","1000GENOMES:phase_3:EAS",1003
"564","rs11944332",0.116161616161616,"G","1000GENOMES:phase_3:ESN",23
"574","rs11944332",0.883838383838384,"A","1000GENOMES:phase_3:ESN",175
"584","rs11944332",0.139165009940358,"G","1000GENOMES:phase_3:EUR",140
"594","rs11944332",0.860834990059642,"A","1000GENOMES:phase_3:EUR",866
"604","rs11944332",0.111111111111111,"G","1000GENOMES:phase_3:FIN",22
"614","rs11944332",0.888888888888889,"A","1000GENOMES:phase_3:FIN",176
"624","rs11944332",0.89010989010989,"A","1000GENOMES:phase_3:GBR",162
"634","rs11944332",0.10989010989011,"G","1000GENOMES:phase_3:GBR",20
"644","rs11944332",0.844660194174757,"A","1000GENOMES:phase_3:GIH",174
"654","rs11944332",0.155339805825243,"G","1000GENOMES:phase_3:GIH",32
"664","rs11944332",0.172897196261682,"G","1000GENOMES:phase_3:IBS",37
"674","rs11944332",0.827102803738318,"A","1000GENOMES:phase_3:IBS",177
"684","rs11944332",0.82843137254902,"A","1000GENOMES:phase_3:ITU",169
"694","rs11944332",0.17156862745098,"G","1000GENOMES:phase_3:ITU",35
"704","rs11944332",1,"A","1000GENOMES:phase_3:JPT",208
"714","rs11944332",0.0101010101010101,"G","1000GENOMES:phase_3:KHV",2
"724","rs11944332",0.98989898989899,"A","1000GENOMES:phase_3:KHV",196
"734","rs11944332",0.0757575757575758,"G","1000GENOMES:phase_3:LWK",15
"744","rs11944332",0.924242424242424,"A","1000GENOMES:phase_3:LWK",183
"754","rs11944332",0.110619469026549,"G","1000GENOMES:phase_3:GWD",25
"764","rs11944332",0.889380530973451,"A","1000GENOMES:phase_3:GWD",201
"774","rs11944332",0.941176470588235,"A","1000GENOMES:phase_3:MSL",160
"784","rs11944332",0.0588235294117647,"G","1000GENOMES:phase_3:MSL",10
"794","rs11944332",0.953125,"A","1000GENOMES:phase_3:MXL",122
"804","rs11944332",0.046875,"G","1000GENOMES:phase_3:MXL",6
"814","rs11944332",0.964705882352941,"A","1000GENOMES:phase_3:PEL",164
"824","rs11944332",0.0352941176470588,"G","1000GENOMES:phase_3:PEL",6
"834","rs11944332",0.880208333333333,"A","1000GENOMES:phase_3:PJL",169
"844","rs11944332",0.119791666666667,"G","1000GENOMES:phase_3:PJL",23
"854","rs11944332",0.139423076923077,"G","1000GENOMES:phase_3:PUR",29
"864","rs11944332",0.860576923076923,"A","1000GENOMES:phase_3:PUR",179
"874","rs11944332",0.130879345603272,"G","1000GENOMES:phase_3:SAS",128
"884","rs11944332",0.869120654396728,"A","1000GENOMES:phase_3:SAS",850
"894","rs11944332",0.122549019607843,"G","1000GENOMES:phase_3:STU",25
"903","rs11944332",0.877450980392157,"A","1000GENOMES:phase_3:STU",179
"913","rs11944332",0.855140186915888,"A","1000GENOMES:phase_3:TSI",183
"923","rs11944332",0.144859813084112,"G","1000GENOMES:phase_3:TSI",31
"933","rs11944332",0.111111111111111,"G","1000GENOMES:phase_3:YRI",24
"943","rs11944332",0.888888888888889,"A","1000GENOMES:phase_3:YRI",192
"23","rs2005290",0.835463258785943,"C","1000GENOMES:phase_3:ALL",4184
"24","rs2005290",0.164536741214058,"G","1000GENOMES:phase_3:ALL",824
"25","rs2005290",0.265625,"G","1000GENOMES:phase_3:ACB",51
"26","rs2005290",0.734375,"C","1000GENOMES:phase_3:ACB",141
"271","rs2005290",0.722390317700454,"C","1000GENOMES:phase_3:AFR",955
"281","rs2005290",0.277609682299546,"G","1000GENOMES:phase_3:AFR",367
"291","rs2005290",0.129682997118156,"G","1000GENOMES:phase_3:AMR",90
"301","rs2005290",0.870317002881844,"C","1000GENOMES:phase_3:AMR",604
"311","rs2005290",0.245901639344262,"G","1000GENOMES:phase_3:ASW",30
"322","rs2005290",0.754098360655738,"C","1000GENOMES:phase_3:ASW",92
"332","rs2005290",0.226744186046512,"G","1000GENOMES:phase_3:BEB",39
"342","rs2005290",0.773255813953488,"C","1000GENOMES:phase_3:BEB",133
"352","rs2005290",0.123655913978495,"G","1000GENOMES:phase_3:CDX",23
"362","rs2005290",0.876344086021505,"C","1000GENOMES:phase_3:CDX",163
"372","rs2005290",0.0909090909090909,"G","1000GENOMES:phase_3:CEU",18
"382","rs2005290",0.909090909090909,"C","1000GENOMES:phase_3:CEU",180
"392","rs2005290",0.961165048543689,"C","1000GENOMES:phase_3:CHB",198
"402","rs2005290",0.0388349514563107,"G","1000GENOMES:phase_3:CHB",8
"412","rs2005290",0.0666666666666667,"G","1000GENOMES:phase_3:CHS",14
"422","rs2005290",0.933333333333333,"C","1000GENOMES:phase_3:CHS",196
"432","rs2005290",0.0957446808510638,"G","1000GENOMES:phase_3:CLM",18
"442","rs2005290",0.904255319148936,"C","1000GENOMES:phase_3:CLM",170
"453","rs2005290",0.93452380952381,"C","1000GENOMES:phase_3:EAS",942
"463","rs2005290",0.0654761904761905,"G","1000GENOMES:phase_3:EAS",66
"473","rs2005290",0.282828282828283,"G","1000GENOMES:phase_3:ESN",56
"483","rs2005290",0.717171717171717,"C","1000GENOMES:phase_3:ESN",142
"493","rs2005290",0.095427435387674,"G","1000GENOMES:phase_3:EUR",96
"503","rs2005290",0.904572564612326,"C","1000GENOMES:phase_3:EUR",910
"513","rs2005290",0.893939393939394,"C","1000GENOMES:phase_3:FIN",177
"523","rs2005290",0.106060606060606,"G","1000GENOMES:phase_3:FIN",21
"533","rs2005290",0.912087912087912,"C","1000GENOMES:phase_3:GBR",166
"543","rs2005290",0.0879120879120879,"G","1000GENOMES:phase_3:GBR",16
"555","rs2005290",0.79126213592233,"C","1000GENOMES:phase_3:GIH",163
"565","rs2005290",0.20873786407767,"G","1000GENOMES:phase_3:GIH",43
"575","rs2005290",0.929906542056075,"C","1000GENOMES:phase_3:IBS",199
"585","rs2005290",0.0700934579439252,"G","1000GENOMES:phase_3:IBS",15
"595","rs2005290",0.215686274509804,"G","1000GENOMES:phase_3:ITU",44
"605","rs2005290",0.784313725490196,"C","1000GENOMES:phase_3:ITU",160
"615","rs2005290",0.0144230769230769,"G","1000GENOMES:phase_3:JPT",3
"625","rs2005290",0.985576923076923,"C","1000GENOMES:phase_3:JPT",205
"635","rs2005290",0.909090909090909,"C","1000GENOMES:phase_3:KHV",180
"645","rs2005290",0.0909090909090909,"G","1000GENOMES:phase_3:KHV",18
"655","rs2005290",0.702020202020202,"C","1000GENOMES:phase_3:LWK",139
"665","rs2005290",0.297979797979798,"G","1000GENOMES:phase_3:LWK",59
"675","rs2005290",0.712389380530973,"C","1000GENOMES:phase_3:GWD",161
"685","rs2005290",0.287610619469027,"G","1000GENOMES:phase_3:GWD",65
"695","rs2005290",0.747058823529412,"C","1000GENOMES:phase_3:MSL",127
"705","rs2005290",0.252941176470588,"G","1000GENOMES:phase_3:MSL",43
"715","rs2005290",0.0859375,"G","1000GENOMES:phase_3:MXL",11
"725","rs2005290",0.9140625,"C","1000GENOMES:phase_3:MXL",117
"735","rs2005290",0.176470588235294,"G","1000GENOMES:phase_3:PEL",30
"745","rs2005290",0.823529411764706,"C","1000GENOMES:phase_3:PEL",140
"755","rs2005290",0.182291666666667,"G","1000GENOMES:phase_3:PJL",35
"765","rs2005290",0.817708333333333,"C","1000GENOMES:phase_3:PJL",157
"775","rs2005290",0.149038461538462,"G","1000GENOMES:phase_3:PUR",31
"785","rs2005290",0.850961538461538,"C","1000GENOMES:phase_3:PUR",177
"795","rs2005290",0.79038854805726,"C","1000GENOMES:phase_3:SAS",773
"805","rs2005290",0.20961145194274,"G","1000GENOMES:phase_3:SAS",205
"815","rs2005290",0.215686274509804,"G","1000GENOMES:phase_3:STU",44
"825","rs2005290",0.784313725490196,"C","1000GENOMES:phase_3:STU",160
"835","rs2005290",0.878504672897196,"C","1000GENOMES:phase_3:TSI",188
"845","rs2005290",0.121495327102804,"G","1000GENOMES:phase_3:TSI",26
"855","rs2005290",0.291666666666667,"G","1000GENOMES:phase_3:YRI",63
"865","rs2005290",0.708333333333333,"C","1000GENOMES:phase_3:YRI",153
"433","rs2629540",0.847244408945687,"G","1000GENOMES:phase_3:ALL",4243
"443","rs2629540",0.152755591054313,"C","1000GENOMES:phase_3:ALL",765
"454","rs2629540",0.0260416666666667,"C","1000GENOMES:phase_3:ACB",5
"464","rs2629540",0.973958333333333,"G","1000GENOMES:phase_3:ACB",187
"474","rs2629540",0.96142208774584,"G","1000GENOMES:phase_3:AFR",1271
"484","rs2629540",0.0385779122541604,"C","1000GENOMES:phase_3:AFR",51
"494","rs2629540",0.860230547550432,"G","1000GENOMES:phase_3:AMR",597
"504","rs2629540",0.139769452449568,"C","1000GENOMES:phase_3:AMR",97
"514","rs2629540",0.0901639344262295,"C","1000GENOMES:phase_3:ASW",11
"524","rs2629540",0.909836065573771,"G","1000GENOMES:phase_3:ASW",111
"534","rs2629540",0.866279069767442,"G","1000GENOMES:phase_3:BEB",149
"544","rs2629540",0.133720930232558,"C","1000GENOMES:phase_3:BEB",23
"556","rs2629540",0.274193548387097,"C","1000GENOMES:phase_3:CDX",51
"566","rs2629540",0.725806451612903,"G","1000GENOMES:phase_3:CDX",135
"576","rs2629540",0.702020202020202,"G","1000GENOMES:phase_3:CEU",139
"586","rs2629540",0.297979797979798,"C","1000GENOMES:phase_3:CEU",59
"596","rs2629540",0.776699029126214,"G","1000GENOMES:phase_3:CHB",160
"606","rs2629540",0.223300970873786,"C","1000GENOMES:phase_3:CHB",46
"616","rs2629540",0.733333333333333,"G","1000GENOMES:phase_3:CHS",154
"626","rs2629540",0.266666666666667,"C","1000GENOMES:phase_3:CHS",56
"636","rs2629540",0.170212765957447,"C","1000GENOMES:phase_3:CLM",32
"646","rs2629540",0.829787234042553,"G","1000GENOMES:phase_3:CLM",156
"656","rs2629540",0.248015873015873,"C","1000GENOMES:phase_3:EAS",250
"666","rs2629540",0.751984126984127,"G","1000GENOMES:phase_3:EAS",758
"676","rs2629540",0.98989898989899,"G","1000GENOMES:phase_3:ESN",196
"686","rs2629540",0.0101010101010101,"C","1000GENOMES:phase_3:ESN",2
"696","rs2629540",0.274353876739563,"C","1000GENOMES:phase_3:EUR",276
"706","rs2629540",0.725646123260437,"G","1000GENOMES:phase_3:EUR",730
"716","rs2629540",0.308080808080808,"C","1000GENOMES:phase_3:FIN",61
"726","rs2629540",0.691919191919192,"G","1000GENOMES:phase_3:FIN",137
"736","rs2629540",0.313186813186813,"C","1000GENOMES:phase_3:GBR",57
"746","rs2629540",0.686813186813187,"G","1000GENOMES:phase_3:GBR",125
"756","rs2629540",0.106796116504854,"C","1000GENOMES:phase_3:GIH",22
"766","rs2629540",0.893203883495146,"G","1000GENOMES:phase_3:GIH",184
"776","rs2629540",0.224299065420561,"C","1000GENOMES:phase_3:IBS",48
"786","rs2629540",0.775700934579439,"G","1000GENOMES:phase_3:IBS",166
"796","rs2629540",0.0686274509803922,"C","1000GENOMES:phase_3:ITU",14
"806","rs2629540",0.931372549019608,"G","1000GENOMES:phase_3:ITU",190
"816","rs2629540",0.240384615384615,"C","1000GENOMES:phase_3:JPT",50
"826","rs2629540",0.759615384615385,"G","1000GENOMES:phase_3:JPT",158
"836","rs2629540",0.762626262626263,"G","1000GENOMES:phase_3:KHV",151
"846","rs2629540",0.237373737373737,"C","1000GENOMES:phase_3:KHV",47
"856","rs2629540",0.909090909090909,"G","1000GENOMES:phase_3:LWK",180
"866","rs2629540",0.0909090909090909,"C","1000GENOMES:phase_3:LWK",18
"875","rs2629540",0.982300884955752,"G","1000GENOMES:phase_3:GWD",222
"885","rs2629540",0.0176991150442478,"C","1000GENOMES:phase_3:GWD",4
"895","rs2629540",0.0235294117647059,"C","1000GENOMES:phase_3:MSL",4
"904","rs2629540",0.976470588235294,"G","1000GENOMES:phase_3:MSL",166
"914","rs2629540",0.1640625,"C","1000GENOMES:phase_3:MXL",21
"924","rs2629540",0.8359375,"G","1000GENOMES:phase_3:MXL",107
"934","rs2629540",0.941176470588235,"G","1000GENOMES:phase_3:PEL",160
"944","rs2629540",0.0588235294117647,"C","1000GENOMES:phase_3:PEL",10
"953","rs2629540",0.916666666666667,"G","1000GENOMES:phase_3:PJL",176
"963","rs2629540",0.0833333333333333,"C","1000GENOMES:phase_3:PJL",16
"973","rs2629540",0.836538461538462,"G","1000GENOMES:phase_3:PUR",174
"983","rs2629540",0.163461538461538,"C","1000GENOMES:phase_3:PUR",34
"993","rs2629540",0.0930470347648262,"C","1000GENOMES:phase_3:SAS",91
"1003","rs2629540",0.906952965235174,"G","1000GENOMES:phase_3:SAS",887
"1013","rs2629540",0.92156862745098,"G","1000GENOMES:phase_3:STU",188
"1023","rs2629540",0.0784313725490196,"C","1000GENOMES:phase_3:STU",16
"1033","rs2629540",0.761682242990654,"G","1000GENOMES:phase_3:TSI",163
"1043","rs2629540",0.238317757009346,"C","1000GENOMES:phase_3:TSI",51
"1053","rs2629540",0.0324074074074074,"C","1000GENOMES:phase_3:YRI",7
"1063","rs2629540",0.967592592592593,"G","1000GENOMES:phase_3:YRI",209
"231","rs72840936",0.0339456869009585,"C","1000GENOMES:phase_3:ALL",170
"241","rs72840936",0.966054313099042,"G","1000GENOMES:phase_3:ALL",4838
"251","rs72840936",0.994791666666667,"G","1000GENOMES:phase_3:ACB",191
"261","rs72840936",0.00520833333333333,"C","1000GENOMES:phase_3:ACB",1
"272","rs72840936",0.991679273827534,"G","1000GENOMES:phase_3:AFR",1311
"282","rs72840936",0.00832072617246596,"C","1000GENOMES:phase_3:AFR",11
"292","rs72840936",0.0201729106628242,"C","1000GENOMES:phase_3:AMR",14
"302","rs72840936",0.979827089337176,"G","1000GENOMES:phase_3:AMR",680
"312","rs72840936",0.991803278688525,"G","1000GENOMES:phase_3:ASW",121
"323","rs72840936",0.00819672131147541,"C","1000GENOMES:phase_3:ASW",1
"333","rs72840936",0.912790697674419,"G","1000GENOMES:phase_3:BEB",157
"343","rs72840936",0.0872093023255814,"C","1000GENOMES:phase_3:BEB",15
"353","rs72840936",0.0268817204301075,"C","1000GENOMES:phase_3:CDX",5
"363","rs72840936",0.973118279569892,"G","1000GENOMES:phase_3:CDX",181
"373","rs72840936",0.0555555555555556,"C","1000GENOMES:phase_3:CEU",11
"383","rs72840936",0.944444444444444,"G","1000GENOMES:phase_3:CEU",187
"393","rs72840936",1,"G","1000GENOMES:phase_3:CHB",206
"403","rs72840936",0.00476190476190476,"C","1000GENOMES:phase_3:CHS",1
"413","rs72840936",0.995238095238095,"G","1000GENOMES:phase_3:CHS",209
"423","rs72840936",0.968085106382979,"G","1000GENOMES:phase_3:CLM",182
"434","rs72840936",0.0319148936170213,"C","1000GENOMES:phase_3:CLM",6
"444","rs72840936",0.985119047619048,"G","1000GENOMES:phase_3:EAS",993
"455","rs72840936",0.0148809523809524,"C","1000GENOMES:phase_3:EAS",15
"465","rs72840936",0.0101010101010101,"C","1000GENOMES:phase_3:ESN",2
"475","rs72840936",0.98989898989899,"G","1000GENOMES:phase_3:ESN",196
"485","rs72840936",0.0407554671968191,"C","1000GENOMES:phase_3:EUR",41
"495","rs72840936",0.959244532803181,"G","1000GENOMES:phase_3:EUR",965
"505","rs72840936",0.0252525252525253,"C","1000GENOMES:phase_3:FIN",5
"515","rs72840936",0.974747474747475,"G","1000GENOMES:phase_3:FIN",193
"525","rs72840936",0.961538461538462,"G","1000GENOMES:phase_3:GBR",175
"535","rs72840936",0.0384615384615385,"C","1000GENOMES:phase_3:GBR",7
"545","rs72840936",0.106796116504854,"C","1000GENOMES:phase_3:GIH",22
"557","rs72840936",0.893203883495146,"G","1000GENOMES:phase_3:GIH",184
"567","rs72840936",0.0420560747663551,"C","1000GENOMES:phase_3:IBS",9
"577","rs72840936",0.957943925233645,"G","1000GENOMES:phase_3:IBS",205
"587","rs72840936",0.112745098039216,"C","1000GENOMES:phase_3:ITU",23
"597","rs72840936",0.887254901960784,"G","1000GENOMES:phase_3:ITU",181
"607","rs72840936",1,"G","1000GENOMES:phase_3:JPT",208
"617","rs72840936",0.0454545454545455,"C","1000GENOMES:phase_3:KHV",9
"627","rs72840936",0.954545454545455,"G","1000GENOMES:phase_3:KHV",189
"637","rs72840936",0.97979797979798,"G","1000GENOMES:phase_3:LWK",194
"647","rs72840936",0.0202020202020202,"C","1000GENOMES:phase_3:LWK",4
"657","rs72840936",0.00442477876106195,"C","1000GENOMES:phase_3:GWD",1
"667","rs72840936",0.995575221238938,"G","1000GENOMES:phase_3:GWD",225
"677","rs72840936",1,"G","1000GENOMES:phase_3:MSL",170
"687","rs72840936",0.96875,"G","1000GENOMES:phase_3:MXL",124
"697","rs72840936",0.03125,"C","1000GENOMES:phase_3:MXL",4
"707","rs72840936",0.982352941176471,"G","1000GENOMES:phase_3:PEL",167
"717","rs72840936",0.0176470588235294,"C","1000GENOMES:phase_3:PEL",3
"727","rs72840936",0.0729166666666667,"C","1000GENOMES:phase_3:PJL",14
"737","rs72840936",0.927083333333333,"G","1000GENOMES:phase_3:PJL",178
"747","rs72840936",0.00480769230769231,"C","1000GENOMES:phase_3:PUR",1
"757","rs72840936",0.995192307692308,"G","1000GENOMES:phase_3:PUR",207
"767","rs72840936",0.0910020449897751,"C","1000GENOMES:phase_3:SAS",89
"777","rs72840936",0.908997955010225,"G","1000GENOMES:phase_3:SAS",889
"787","rs72840936",0.0735294117647059,"C","1000GENOMES:phase_3:STU",15
"797","rs72840936",0.926470588235294,"G","1000GENOMES:phase_3:STU",189
"807","rs72840936",0.0420560747663551,"C","1000GENOMES:phase_3:TSI",9
"817","rs72840936",0.957943925233645,"G","1000GENOMES:phase_3:TSI",205
"827","rs72840936",0.990740740740741,"G","1000GENOMES:phase_3:YRI",214
"837","rs72840936",0.00925925925925926,"C","1000GENOMES:phase_3:YRI",2
"18","rs111325002",0.0103833865814696,"G","1000GENOMES:phase_3:ALL",52
"19","rs111325002",0.98961661341853,"A","1000GENOMES:phase_3:ALL",4956
"20","rs111325002",0.973958333333333,"A","1000GENOMES:phase_3:ACB",187
"21","rs111325002",0.0260416666666667,"G","1000GENOMES:phase_3:ACB",5
"22","rs111325002",0.962178517397882,"A","1000GENOMES:phase_3:AFR",1272
"232","rs111325002",0.037821482602118,"G","1000GENOMES:phase_3:AFR",50
"242","rs111325002",0.00288184438040346,"G","1000GENOMES:phase_3:AMR",2
"252","rs111325002",0.997118155619596,"A","1000GENOMES:phase_3:AMR",692
"262","rs111325002",0.959016393442623,"A","1000GENOMES:phase_3:ASW",117
"273","rs111325002",0.040983606557377,"G","1000GENOMES:phase_3:ASW",5
"283","rs111325002",1,"A","1000GENOMES:phase_3:BEB",172
"293","rs111325002",1,"A","1000GENOMES:phase_3:CDX",186
"303","rs111325002",1,"A","1000GENOMES:phase_3:CEU",198
"313","rs111325002",1,"A","1000GENOMES:phase_3:CHB",206
"324","rs111325002",1,"A","1000GENOMES:phase_3:CHS",210
"334","rs111325002",1,"A","1000GENOMES:phase_3:CLM",188
"344","rs111325002",1,"A","1000GENOMES:phase_3:EAS",1008
"354","rs111325002",0.954545454545455,"A","1000GENOMES:phase_3:ESN",189
"364","rs111325002",0.0454545454545455,"G","1000GENOMES:phase_3:ESN",9
"374","rs111325002",1,"A","1000GENOMES:phase_3:EUR",1006
"384","rs111325002",1,"A","1000GENOMES:phase_3:FIN",198
"394","rs111325002",1,"A","1000GENOMES:phase_3:GBR",182
"404","rs111325002",1,"A","1000GENOMES:phase_3:GIH",206
"414","rs111325002",1,"A","1000GENOMES:phase_3:IBS",214
"424","rs111325002",1,"A","1000GENOMES:phase_3:ITU",204
"435","rs111325002",1,"A","1000GENOMES:phase_3:JPT",208
"445","rs111325002",1,"A","1000GENOMES:phase_3:KHV",198
"456","rs111325002",0.944444444444444,"A","1000GENOMES:phase_3:LWK",187
"466","rs111325002",0.0555555555555556,"G","1000GENOMES:phase_3:LWK",11
"476","rs111325002",0.0398230088495575,"G","1000GENOMES:phase_3:GWD",9
"486","rs111325002",0.960176991150443,"A","1000GENOMES:phase_3:GWD",217
"496","rs111325002",0.964705882352941,"A","1000GENOMES:phase_3:MSL",164
"506","rs111325002",0.0352941176470588,"G","1000GENOMES:phase_3:MSL",6
"516","rs111325002",1,"A","1000GENOMES:phase_3:MXL",128
"526","rs111325002",1,"A","1000GENOMES:phase_3:PEL",170
"536","rs111325002",1,"A","1000GENOMES:phase_3:PJL",192
"546","rs111325002",0.990384615384615,"A","1000GENOMES:phase_3:PUR",206
"558","rs111325002",0.00961538461538462,"G","1000GENOMES:phase_3:PUR",2
"568","rs111325002",1,"A","1000GENOMES:phase_3:SAS",978
"578","rs111325002",1,"A","1000GENOMES:phase_3:STU",204
"588","rs111325002",1,"A","1000GENOMES:phase_3:TSI",214
"598","rs111325002",0.976851851851852,"A","1000GENOMES:phase_3:YRI",211
"608","rs111325002",0.0231481481481481,"G","1000GENOMES:phase_3:YRI",5
"274","rs4129566",0.908546325878594,"T","1000GENOMES:phase_3:ALL",4550
"284","rs4129566",0.0914536741214057,"C","1000GENOMES:phase_3:ALL",458
"294","rs4129566",0.895833333333333,"T","1000GENOMES:phase_3:ACB",172
"304","rs4129566",0.104166666666667,"C","1000GENOMES:phase_3:ACB",20
"314","rs4129566",0.900151285930408,"T","1000GENOMES:phase_3:AFR",1190
"325","rs4129566",0.0998487140695915,"C","1000GENOMES:phase_3:AFR",132
"335","rs4129566",0.0763688760806916,"C","1000GENOMES:phase_3:AMR",53
"345","rs4129566",0.923631123919308,"T","1000GENOMES:phase_3:AMR",641
"355","rs4129566",0.114754098360656,"C","1000GENOMES:phase_3:ASW",14
"365","rs4129566",0.885245901639344,"T","1000GENOMES:phase_3:ASW",108
"375","rs4129566",0.0755813953488372,"C","1000GENOMES:phase_3:BEB",13
"385","rs4129566",0.924418604651163,"T","1000GENOMES:phase_3:BEB",159
"395","rs4129566",0.00537634408602151,"C","1000GENOMES:phase_3:CDX",1
"405","rs4129566",0.994623655913978,"T","1000GENOMES:phase_3:CDX",185
"415","rs4129566",0.848484848484849,"T","1000GENOMES:phase_3:CEU",168
"425","rs4129566",0.151515151515152,"C","1000GENOMES:phase_3:CEU",30
"436","rs4129566",0.00485436893203883,"C","1000GENOMES:phase_3:CHB",1
"446","rs4129566",0.995145631067961,"T","1000GENOMES:phase_3:CHB",205
"457","rs4129566",0.995238095238095,"T","1000GENOMES:phase_3:CHS",209
"467","rs4129566",0.00476190476190476,"C","1000GENOMES:phase_3:CHS",1
"477","rs4129566",0.936170212765957,"T","1000GENOMES:phase_3:CLM",176
"487","rs4129566",0.0638297872340425,"C","1000GENOMES:phase_3:CLM",12
"497","rs4129566",0.00496031746031746,"C","1000GENOMES:phase_3:EAS",5
"507","rs4129566",0.995039682539683,"T","1000GENOMES:phase_3:EAS",1003
"517","rs4129566",0.116161616161616,"C","1000GENOMES:phase_3:ESN",23
"527","rs4129566",0.883838383838384,"T","1000GENOMES:phase_3:ESN",175
"537","rs4129566",0.139165009940358,"C","1000GENOMES:phase_3:EUR",140
"547","rs4129566",0.860834990059642,"T","1000GENOMES:phase_3:EUR",866
"559","rs4129566",0.888888888888889,"T","1000GENOMES:phase_3:FIN",176
"569","rs4129566",0.111111111111111,"C","1000GENOMES:phase_3:FIN",22
"579","rs4129566",0.89010989010989,"T","1000GENOMES:phase_3:GBR",162
"589","rs4129566",0.10989010989011,"C","1000GENOMES:phase_3:GBR",20
"599","rs4129566",0.844660194174757,"T","1000GENOMES:phase_3:GIH",174
"609","rs4129566",0.155339805825243,"C","1000GENOMES:phase_3:GIH",32
"618","rs4129566",0.827102803738318,"T","1000GENOMES:phase_3:IBS",177
"628","rs4129566",0.172897196261682,"C","1000GENOMES:phase_3:IBS",37
"638","rs4129566",0.82843137254902,"T","1000GENOMES:phase_3:ITU",169
"648","rs4129566",0.17156862745098,"C","1000GENOMES:phase_3:ITU",35
"658","rs4129566",1,"T","1000GENOMES:phase_3:JPT",208
"668","rs4129566",0.98989898989899,"T","1000GENOMES:phase_3:KHV",196
"678","rs4129566",0.0101010101010101,"C","1000GENOMES:phase_3:KHV",2
"688","rs4129566",0.0757575757575758,"C","1000GENOMES:phase_3:LWK",15
"698","rs4129566",0.924242424242424,"T","1000GENOMES:phase_3:LWK",183
"708","rs4129566",0.889380530973451,"T","1000GENOMES:phase_3:GWD",201
"718","rs4129566",0.110619469026549,"C","1000GENOMES:phase_3:GWD",25
"728","rs4129566",0.0647058823529412,"C","1000GENOMES:phase_3:MSL",11
"738","rs4129566",0.935294117647059,"T","1000GENOMES:phase_3:MSL",159
"748","rs4129566",0.953125,"T","1000GENOMES:phase_3:MXL",122
"758","rs4129566",0.046875,"C","1000GENOMES:phase_3:MXL",6
"768","rs4129566",0.964705882352941,"T","1000GENOMES:phase_3:PEL",164
"778","rs4129566",0.0352941176470588,"C","1000GENOMES:phase_3:PEL",6
"788","rs4129566",0.880208333333333,"T","1000GENOMES:phase_3:PJL",169
"798","rs4129566",0.119791666666667,"C","1000GENOMES:phase_3:PJL",23
"808","rs4129566",0.860576923076923,"T","1000GENOMES:phase_3:PUR",179
"818","rs4129566",0.139423076923077,"C","1000GENOMES:phase_3:PUR",29
"828","rs4129566",0.869120654396728,"T","1000GENOMES:phase_3:SAS",850
"838","rs4129566",0.130879345603272,"C","1000GENOMES:phase_3:SAS",128
"847","rs4129566",0.122549019607843,"C","1000GENOMES:phase_3:STU",25
"857","rs4129566",0.877450980392157,"T","1000GENOMES:phase_3:STU",179
"867","rs4129566",0.144859813084112,"C","1000GENOMES:phase_3:TSI",31
"876","rs4129566",0.855140186915888,"T","1000GENOMES:phase_3:TSI",183
"886","rs4129566",0.888888888888889,"T","1000GENOMES:phase_3:YRI",192
"896","rs4129566",0.111111111111111,"C","1000GENOMES:phase_3:YRI",24
"326","rs11944332",0.0912539936102236,"G","1000GENOMES:phase_3:ALL",457
"336","rs11944332",0.908746006389776,"A","1000GENOMES:phase_3:ALL",4551
"346","rs11944332",0.895833333333333,"A","1000GENOMES:phase_3:ACB",172
"356","rs11944332",0.104166666666667,"G","1000GENOMES:phase_3:ACB",20
"366","rs11944332",0.0990922844175492,"G","1000GENOMES:phase_3:AFR",131
"376","rs11944332",0.900907715582451,"A","1000GENOMES:phase_3:AFR",1191
"386","rs11944332",0.923631123919308,"A","1000GENOMES:phase_3:AMR",641
"396","rs11944332",0.0763688760806916,"G","1000GENOMES:phase_3:AMR",53
"406","rs11944332",0.114754098360656,"G","1000GENOMES:phase_3:ASW",14
"416","rs11944332",0.885245901639344,"A","1000GENOMES:phase_3:ASW",108
"426","rs11944332",0.924418604651163,"A","1000GENOMES:phase_3:BEB",159
"437","rs11944332",0.0755813953488372,"G","1000GENOMES:phase_3:BEB",13
"447","rs11944332",0.994623655913978,"A","1000GENOMES:phase_3:CDX",185
"458","rs11944332",0.00537634408602151,"G","1000GENOMES:phase_3:CDX",1
"468","rs11944332",0.151515151515152,"G","1000GENOMES:phase_3:CEU",30
"478","rs11944332",0.848484848484849,"A","1000GENOMES:phase_3:CEU",168
"488","rs11944332",0.00485436893203883,"G","1000GENOMES:phase_3:CHB",1
"498","rs11944332",0.995145631067961,"A","1000GENOMES:phase_3:CHB",205
"508","rs11944332",0.00476190476190476,"G","1000GENOMES:phase_3:CHS",1
"518","rs11944332",0.995238095238095,"A","1000GENOMES:phase_3:CHS",209
"528","rs11944332",0.0638297872340425,"G","1000GENOMES:phase_3:CLM",12
"538","rs11944332",0.936170212765957,"A","1000GENOMES:phase_3:CLM",176
"548","rs11944332",0.995039682539683,"A","1000GENOMES:phase_3:EAS",1003
"5510","rs11944332",0.00496031746031746,"G","1000GENOMES:phase_3:EAS",5
"5610","rs11944332",0.116161616161616,"G","1000GENOMES:phase_3:ESN",23
"5710","rs11944332",0.883838383838384,"A","1000GENOMES:phase_3:ESN",175
"5810","rs11944332",0.860834990059642,"A","1000GENOMES:phase_3:EUR",866
"5910","rs11944332",0.139165009940358,"G","1000GENOMES:phase_3:EUR",140
"6010","rs11944332",0.111111111111111,"G","1000GENOMES:phase_3:FIN",22
"619","rs11944332",0.888888888888889,"A","1000GENOMES:phase_3:FIN",176
"629","rs11944332",0.10989010989011,"G","1000GENOMES:phase_3:GBR",20
"639","rs11944332",0.89010989010989,"A","1000GENOMES:phase_3:GBR",162
"649","rs11944332",0.844660194174757,"A","1000GENOMES:phase_3:GIH",174
"659","rs11944332",0.155339805825243,"G","1000GENOMES:phase_3:GIH",32
"669","rs11944332",0.172897196261682,"G","1000GENOMES:phase_3:IBS",37
"679","rs11944332",0.827102803738318,"A","1000GENOMES:phase_3:IBS",177
"689","rs11944332",0.82843137254902,"A","1000GENOMES:phase_3:ITU",169
"699","rs11944332",0.17156862745098,"G","1000GENOMES:phase_3:ITU",35
"709","rs11944332",1,"A","1000GENOMES:phase_3:JPT",208
"719","rs11944332",0.0101010101010101,"G","1000GENOMES:phase_3:KHV",2
"729","rs11944332",0.98989898989899,"A","1000GENOMES:phase_3:KHV",196
"739","rs11944332",0.0757575757575758,"G","1000GENOMES:phase_3:LWK",15
"749","rs11944332",0.924242424242424,"A","1000GENOMES:phase_3:LWK",183
"759","rs11944332",0.110619469026549,"G","1000GENOMES:phase_3:GWD",25
"769","rs11944332",0.889380530973451,"A","1000GENOMES:phase_3:GWD",201
"779","rs11944332",0.0588235294117647,"G","1000GENOMES:phase_3:MSL",10
"789","rs11944332",0.941176470588235,"A","1000GENOMES:phase_3:MSL",160
"799","rs11944332",0.953125,"A","1000GENOMES:phase_3:MXL",122
"809","rs11944332",0.046875,"G","1000GENOMES:phase_3:MXL",6
"819","rs11944332",0.964705882352941,"A","1000GENOMES:phase_3:PEL",164
"829","rs11944332",0.0352941176470588,"G","1000GENOMES:phase_3:PEL",6
"839","rs11944332",0.880208333333333,"A","1000GENOMES:phase_3:PJL",169
"848","rs11944332",0.119791666666667,"G","1000GENOMES:phase_3:PJL",23
"858","rs11944332",0.139423076923077,"G","1000GENOMES:phase_3:PUR",29
"868","rs11944332",0.860576923076923,"A","1000GENOMES:phase_3:PUR",179
"877","rs11944332",0.130879345603272,"G","1000GENOMES:phase_3:SAS",128
"887","rs11944332",0.869120654396728,"A","1000GENOMES:phase_3:SAS",850
"897","rs11944332",0.877450980392157,"A","1000GENOMES:phase_3:STU",179
"905","rs11944332",0.122549019607843,"G","1000GENOMES:phase_3:STU",25
"915","rs11944332",0.855140186915888,"A","1000GENOMES:phase_3:TSI",183
"925","rs11944332",0.144859813084112,"G","1000GENOMES:phase_3:TSI",31
"935","rs11944332",0.888888888888889,"A","1000GENOMES:phase_3:YRI",192
"945","rs11944332",0.111111111111111,"G","1000GENOMES:phase_3:YRI",24
"295","rs75686122",0.00758785942492013,"T","1000GENOMES:phase_3:ALL",38
"305","rs75686122",0.936501597444089,"C","1000GENOMES:phase_3:ALL",4690
"315","rs75686122",0.0559105431309904,"A","1000GENOMES:phase_3:ALL",280
"327","rs75686122",0.015625,"T","1000GENOMES:phase_3:ACB",3
"337","rs75686122",0.958333333333333,"C","1000GENOMES:phase_3:ACB",184
"347","rs75686122",0.0260416666666667,"A","1000GENOMES:phase_3:ACB",5
"357","rs75686122",0.0151285930408472,"A","1000GENOMES:phase_3:AFR",20
"367","rs75686122",0.956883509833585,"C","1000GENOMES:phase_3:AFR",1265
"377","rs75686122",0.0279878971255673,"T","1000GENOMES:phase_3:AFR",37
"387","rs75686122",0.0389048991354467,"A","1000GENOMES:phase_3:AMR",27
"397","rs75686122",0.959654178674352,"C","1000GENOMES:phase_3:AMR",666
"407","rs75686122",0.00144092219020173,"T","1000GENOMES:phase_3:AMR",1
"417","rs75686122",0.0163934426229508,"A","1000GENOMES:phase_3:ASW",2
"427","rs75686122",0.942622950819672,"C","1000GENOMES:phase_3:ASW",115
"438","rs75686122",0.040983606557377,"T","1000GENOMES:phase_3:ASW",5
"448","rs75686122",0.0813953488372093,"A","1000GENOMES:phase_3:BEB",14
"459","rs75686122",0.918604651162791,"C","1000GENOMES:phase_3:BEB",158
"469","rs75686122",0.021505376344086,"A","1000GENOMES:phase_3:CDX",4
"479","rs75686122",0.978494623655914,"C","1000GENOMES:phase_3:CDX",182
"489","rs75686122",0.868686868686869,"C","1000GENOMES:phase_3:CEU",172
"499","rs75686122",0.131313131313131,"A","1000GENOMES:phase_3:CEU",26
"509","rs75686122",0.936893203883495,"C","1000GENOMES:phase_3:CHB",193
"519","rs75686122",0.0631067961165049,"A","1000GENOMES:phase_3:CHB",13
"529","rs75686122",0.0428571428571429,"A","1000GENOMES:phase_3:CHS",9
"539","rs75686122",0.957142857142857,"C","1000GENOMES:phase_3:CHS",201
"549","rs75686122",0.00531914893617021,"T","1000GENOMES:phase_3:CLM",1
"5511","rs75686122",0.0425531914893617,"A","1000GENOMES:phase_3:CLM",8
"5611","rs75686122",0.952127659574468,"C","1000GENOMES:phase_3:CLM",179
"5711","rs75686122",0.0555555555555556,"A","1000GENOMES:phase_3:EAS",56
"5811","rs75686122",0.944444444444444,"C","1000GENOMES:phase_3:EAS",952
"5911","rs75686122",0.0101010101010101,"A","1000GENOMES:phase_3:ESN",2
"6011","rs75686122",0.934343434343434,"C","1000GENOMES:phase_3:ESN",185
"6110","rs75686122",0.0555555555555556,"T","1000GENOMES:phase_3:ESN",11
"6210","rs75686122",0.907554671968191,"C","1000GENOMES:phase_3:EUR",913
"6310","rs75686122",0.0924453280318091,"A","1000GENOMES:phase_3:EUR",93
"6410","rs75686122",0.0757575757575758,"A","1000GENOMES:phase_3:FIN",15
"6510","rs75686122",0.924242424242424,"C","1000GENOMES:phase_3:FIN",183
"6610","rs75686122",0.10989010989011,"A","1000GENOMES:phase_3:GBR",20
"6710","rs75686122",0.89010989010989,"C","1000GENOMES:phase_3:GBR",162
"6810","rs75686122",0.902912621359223,"C","1000GENOMES:phase_3:GIH",186
"6910","rs75686122",0.0970873786407767,"A","1000GENOMES:phase_3:GIH",20
"7010","rs75686122",0.929906542056075,"C","1000GENOMES:phase_3:IBS",199
"7110","rs75686122",0.0700934579439252,"A","1000GENOMES:phase_3:IBS",15
"7210","rs75686122",0.92156862745098,"C","1000GENOMES:phase_3:ITU",188
"7310","rs75686122",0.0784313725490196,"A","1000GENOMES:phase_3:ITU",16
"7410","rs75686122",0.894230769230769,"C","1000GENOMES:phase_3:JPT",186
"7510","rs75686122",0.105769230769231,"A","1000GENOMES:phase_3:JPT",22
"7610","rs75686122",0.95959595959596,"C","1000GENOMES:phase_3:KHV",190
"7710","rs75686122",0.0404040404040404,"A","1000GENOMES:phase_3:KHV",8
"7810","rs75686122",0.0202020202020202,"A","1000GENOMES:phase_3:LWK",4
"7910","rs75686122",0.974747474747475,"C","1000GENOMES:phase_3:LWK",193
"8010","rs75686122",0.00505050505050505,"T","1000GENOMES:phase_3:LWK",1
"8110","rs75686122",0.0265486725663717,"T","1000GENOMES:phase_3:GWD",6
"8210","rs75686122",0.960176991150443,"C","1000GENOMES:phase_3:GWD",217
"8310","rs75686122",0.0132743362831858,"A","1000GENOMES:phase_3:GWD",3
"849","rs75686122",0.0294117647058824,"T","1000GENOMES:phase_3:MSL",5
"859","rs75686122",0.970588235294118,"C","1000GENOMES:phase_3:MSL",165
"869","rs75686122",0.9609375,"C","1000GENOMES:phase_3:MXL",123
"878","rs75686122",0.0390625,"A","1000GENOMES:phase_3:MXL",5
"888","rs75686122",0.988235294117647,"C","1000GENOMES:phase_3:PEL",168
"898","rs75686122",0.0117647058823529,"A","1000GENOMES:phase_3:PEL",2
"906","rs75686122",0.916666666666667,"C","1000GENOMES:phase_3:PJL",176
"916","rs75686122",0.0833333333333333,"A","1000GENOMES:phase_3:PJL",16
"926","rs75686122",0.942307692307692,"C","1000GENOMES:phase_3:PUR",196
"936","rs75686122",0.0576923076923077,"A","1000GENOMES:phase_3:PUR",12
"946","rs75686122",0.0858895705521472,"A","1000GENOMES:phase_3:SAS",84
"954","rs75686122",0.914110429447853,"C","1000GENOMES:phase_3:SAS",894
"964","rs75686122",0.911764705882353,"C","1000GENOMES:phase_3:STU",186
"974","rs75686122",0.0882352941176471,"A","1000GENOMES:phase_3:STU",18
"984","rs75686122",0.920560747663551,"C","1000GENOMES:phase_3:TSI",197
"994","rs75686122",0.0794392523364486,"A","1000GENOMES:phase_3:TSI",17
"1004","rs75686122",0.0185185185185185,"A","1000GENOMES:phase_3:YRI",4
"1014","rs75686122",0.953703703703704,"C","1000GENOMES:phase_3:YRI",206
"1024","rs75686122",0.0277777777777778,"T","1000GENOMES:phase_3:YRI",6
"233","rs2005290",0.835463258785943,"C","1000GENOMES:phase_3:ALL",4184
"243","rs2005290",0.164536741214058,"G","1000GENOMES:phase_3:ALL",824
"253","rs2005290",0.734375,"C","1000GENOMES:phase_3:ACB",141
"263","rs2005290",0.265625,"G","1000GENOMES:phase_3:ACB",51
"275","rs2005290",0.277609682299546,"G","1000GENOMES:phase_3:AFR",367
"285","rs2005290",0.722390317700454,"C","1000GENOMES:phase_3:AFR",955
"296","rs2005290",0.870317002881844,"C","1000GENOMES:phase_3:AMR",604
"306","rs2005290",0.129682997118156,"G","1000GENOMES:phase_3:AMR",90
"316","rs2005290",0.245901639344262,"G","1000GENOMES:phase_3:ASW",30
"328","rs2005290",0.754098360655738,"C","1000GENOMES:phase_3:ASW",92
"338","rs2005290",0.226744186046512,"G","1000GENOMES:phase_3:BEB",39
"348","rs2005290",0.773255813953488,"C","1000GENOMES:phase_3:BEB",133
"358","rs2005290",0.123655913978495,"G","1000GENOMES:phase_3:CDX",23
"368","rs2005290",0.876344086021505,"C","1000GENOMES:phase_3:CDX",163
"378","rs2005290",0.0909090909090909,"G","1000GENOMES:phase_3:CEU",18
"388","rs2005290",0.909090909090909,"C","1000GENOMES:phase_3:CEU",180
"398","rs2005290",0.961165048543689,"C","1000GENOMES:phase_3:CHB",198
"408","rs2005290",0.0388349514563107,"G","1000GENOMES:phase_3:CHB",8
"418","rs2005290",0.0666666666666667,"G","1000GENOMES:phase_3:CHS",14
"428","rs2005290",0.933333333333333,"C","1000GENOMES:phase_3:CHS",196
"439","rs2005290",0.904255319148936,"C","1000GENOMES:phase_3:CLM",170
"449","rs2005290",0.0957446808510638,"G","1000GENOMES:phase_3:CLM",18
"4510","rs2005290",0.93452380952381,"C","1000GENOMES:phase_3:EAS",942
"4610","rs2005290",0.0654761904761905,"G","1000GENOMES:phase_3:EAS",66
"4710","rs2005290",0.717171717171717,"C","1000GENOMES:phase_3:ESN",142
"4810","rs2005290",0.282828282828283,"G","1000GENOMES:phase_3:ESN",56
"4910","rs2005290",0.095427435387674,"G","1000GENOMES:phase_3:EUR",96
"5010","rs2005290",0.904572564612326,"C","1000GENOMES:phase_3:EUR",910
"5110","rs2005290",0.106060606060606,"G","1000GENOMES:phase_3:FIN",21
"5210","rs2005290",0.893939393939394,"C","1000GENOMES:phase_3:FIN",177
"5310","rs2005290",0.0879120879120879,"G","1000GENOMES:phase_3:GBR",16
"5410","rs2005290",0.912087912087912,"C","1000GENOMES:phase_3:GBR",166
"5512","rs2005290",0.20873786407767,"G","1000GENOMES:phase_3:GIH",43
"5612","rs2005290",0.79126213592233,"C","1000GENOMES:phase_3:GIH",163
"5712","rs2005290",0.0700934579439252,"G","1000GENOMES:phase_3:IBS",15
"5812","rs2005290",0.929906542056075,"C","1000GENOMES:phase_3:IBS",199
"5912","rs2005290",0.784313725490196,"C","1000GENOMES:phase_3:ITU",160
"6012","rs2005290",0.215686274509804,"G","1000GENOMES:phase_3:ITU",44
"6111","rs2005290",0.0144230769230769,"G","1000GENOMES:phase_3:JPT",3
"6211","rs2005290",0.985576923076923,"C","1000GENOMES:phase_3:JPT",205
"6311","rs2005290",0.909090909090909,"C","1000GENOMES:phase_3:KHV",180
"6411","rs2005290",0.0909090909090909,"G","1000GENOMES:phase_3:KHV",18
"6511","rs2005290",0.297979797979798,"G","1000GENOMES:phase_3:LWK",59
"6611","rs2005290",0.702020202020202,"C","1000GENOMES:phase_3:LWK",139
"6711","rs2005290",0.287610619469027,"G","1000GENOMES:phase_3:GWD",65
"6811","rs2005290",0.712389380530973,"C","1000GENOMES:phase_3:GWD",161
"6911","rs2005290",0.252941176470588,"G","1000GENOMES:phase_3:MSL",43
"7011","rs2005290",0.747058823529412,"C","1000GENOMES:phase_3:MSL",127
"7111","rs2005290",0.0859375,"G","1000GENOMES:phase_3:MXL",11
"7211","rs2005290",0.9140625,"C","1000GENOMES:phase_3:MXL",117
"7311","rs2005290",0.823529411764706,"C","1000GENOMES:phase_3:PEL",140
"7411","rs2005290",0.176470588235294,"G","1000GENOMES:phase_3:PEL",30
"7511","rs2005290",0.182291666666667,"G","1000GENOMES:phase_3:PJL",35
"7611","rs2005290",0.817708333333333,"C","1000GENOMES:phase_3:PJL",157
"7711","rs2005290",0.149038461538462,"G","1000GENOMES:phase_3:PUR",31
"7811","rs2005290",0.850961538461538,"C","1000GENOMES:phase_3:PUR",177
"7911","rs2005290",0.20961145194274,"G","1000GENOMES:phase_3:SAS",205
"8011","rs2005290",0.79038854805726,"C","1000GENOMES:phase_3:SAS",773
"8111","rs2005290",0.784313725490196,"C","1000GENOMES:phase_3:STU",160
"8211","rs2005290",0.215686274509804,"G","1000GENOMES:phase_3:STU",44
"8311","rs2005290",0.121495327102804,"G","1000GENOMES:phase_3:TSI",26
"8410","rs2005290",0.878504672897196,"C","1000GENOMES:phase_3:TSI",188
"8510","rs2005290",0.291666666666667,"G","1000GENOMES:phase_3:YRI",63
"8610","rs2005290",0.708333333333333,"C","1000GENOMES:phase_3:YRI",153
"4310","rs2629540",0.152755591054313,"C","1000GENOMES:phase_3:ALL",765
"4410","rs2629540",0.847244408945687,"G","1000GENOMES:phase_3:ALL",4243
"4511","rs2629540",0.0260416666666667,"C","1000GENOMES:phase_3:ACB",5
"4611","rs2629540",0.973958333333333,"G","1000GENOMES:phase_3:ACB",187
"4711","rs2629540",0.0385779122541604,"C","1000GENOMES:phase_3:AFR",51
"4811","rs2629540",0.96142208774584,"G","1000GENOMES:phase_3:AFR",1271
"4911","rs2629540",0.139769452449568,"C","1000GENOMES:phase_3:AMR",97
"5011","rs2629540",0.860230547550432,"G","1000GENOMES:phase_3:AMR",597
"5111","rs2629540",0.909836065573771,"G","1000GENOMES:phase_3:ASW",111
"5211","rs2629540",0.0901639344262295,"C","1000GENOMES:phase_3:ASW",11
"5311","rs2629540",0.866279069767442,"G","1000GENOMES:phase_3:BEB",149
"5411","rs2629540",0.133720930232558,"C","1000GENOMES:phase_3:BEB",23
"5513","rs2629540",0.274193548387097,"C","1000GENOMES:phase_3:CDX",51
"5613","rs2629540",0.725806451612903,"G","1000GENOMES:phase_3:CDX",135
"5713","rs2629540",0.702020202020202,"G","1000GENOMES:phase_3:CEU",139
"5813","rs2629540",0.297979797979798,"C","1000GENOMES:phase_3:CEU",59
"5913","rs2629540",0.223300970873786,"C","1000GENOMES:phase_3:CHB",46
"6013","rs2629540",0.776699029126214,"G","1000GENOMES:phase_3:CHB",160
"6112","rs2629540",0.733333333333333,"G","1000GENOMES:phase_3:CHS",154
"6212","rs2629540",0.266666666666667,"C","1000GENOMES:phase_3:CHS",56
"6312","rs2629540",0.170212765957447,"C","1000GENOMES:phase_3:CLM",32
"6412","rs2629540",0.829787234042553,"G","1000GENOMES:phase_3:CLM",156
"6512","rs2629540",0.751984126984127,"G","1000GENOMES:phase_3:EAS",758
"6612","rs2629540",0.248015873015873,"C","1000GENOMES:phase_3:EAS",250
"6712","rs2629540",0.0101010101010101,"C","1000GENOMES:phase_3:ESN",2
"6812","rs2629540",0.98989898989899,"G","1000GENOMES:phase_3:ESN",196
"6912","rs2629540",0.274353876739563,"C","1000GENOMES:phase_3:EUR",276
"7012","rs2629540",0.725646123260437,"G","1000GENOMES:phase_3:EUR",730
"7112","rs2629540",0.308080808080808,"C","1000GENOMES:phase_3:FIN",61
"7212","rs2629540",0.691919191919192,"G","1000GENOMES:phase_3:FIN",137
"7312","rs2629540",0.313186813186813,"C","1000GENOMES:phase_3:GBR",57
"7412","rs2629540",0.686813186813187,"G","1000GENOMES:phase_3:GBR",125
"7512","rs2629540",0.106796116504854,"C","1000GENOMES:phase_3:GIH",22
"7612","rs2629540",0.893203883495146,"G","1000GENOMES:phase_3:GIH",184
"7712","rs2629540",0.224299065420561,"C","1000GENOMES:phase_3:IBS",48
"7812","rs2629540",0.775700934579439,"G","1000GENOMES:phase_3:IBS",166
"7912","rs2629540",0.0686274509803922,"C","1000GENOMES:phase_3:ITU",14
"8012","rs2629540",0.931372549019608,"G","1000GENOMES:phase_3:ITU",190
"8112","rs2629540",0.759615384615385,"G","1000GENOMES:phase_3:JPT",158
"8212","rs2629540",0.240384615384615,"C","1000GENOMES:phase_3:JPT",50
"8312","rs2629540",0.237373737373737,"C","1000GENOMES:phase_3:KHV",47
"8411","rs2629540",0.762626262626263,"G","1000GENOMES:phase_3:KHV",151
"8511","rs2629540",0.0909090909090909,"C","1000GENOMES:phase_3:LWK",18
"8611","rs2629540",0.909090909090909,"G","1000GENOMES:phase_3:LWK",180
"879","rs2629540",0.0176991150442478,"C","1000GENOMES:phase_3:GWD",4
"889","rs2629540",0.982300884955752,"G","1000GENOMES:phase_3:GWD",222
"899","rs2629540",0.0235294117647059,"C","1000GENOMES:phase_3:MSL",4
"907","rs2629540",0.976470588235294,"G","1000GENOMES:phase_3:MSL",166
"917","rs2629540",0.1640625,"C","1000GENOMES:phase_3:MXL",21
"927","rs2629540",0.8359375,"G","1000GENOMES:phase_3:MXL",107
"937","rs2629540",0.0588235294117647,"C","1000GENOMES:phase_3:PEL",10
"947","rs2629540",0.941176470588235,"G","1000GENOMES:phase_3:PEL",160
"955","rs2629540",0.916666666666667,"G","1000GENOMES:phase_3:PJL",176
"965","rs2629540",0.0833333333333333,"C","1000GENOMES:phase_3:PJL",16
"975","rs2629540",0.163461538461538,"C","1000GENOMES:phase_3:PUR",34
"985","rs2629540",0.836538461538462,"G","1000GENOMES:phase_3:PUR",174
"995","rs2629540",0.0930470347648262,"C","1000GENOMES:phase_3:SAS",91
"1005","rs2629540",0.906952965235174,"G","1000GENOMES:phase_3:SAS",887
"1015","rs2629540",0.92156862745098,"G","1000GENOMES:phase_3:STU",188
"1025","rs2629540",0.0784313725490196,"C","1000GENOMES:phase_3:STU",16
"1034","rs2629540",0.238317757009346,"C","1000GENOMES:phase_3:TSI",51
"1044","rs2629540",0.761682242990654,"G","1000GENOMES:phase_3:TSI",163
"1054","rs2629540",0.0324074074074074,"C","1000GENOMES:phase_3:YRI",7
"1064","rs2629540",0.967592592592593,"G","1000GENOMES:phase_3:YRI",209
"181","rs150954431",0.990215654952077,"C","1000GENOMES:phase_3:ALL",4959
"191","rs150954431",0.00978434504792332,"T","1000GENOMES:phase_3:ALL",49
"201","rs150954431",1,"C","1000GENOMES:phase_3:ACB",192
"211","rs150954431",0.00151285930408472,"T","1000GENOMES:phase_3:AFR",2
"221","rs150954431",0.998487140695915,"C","1000GENOMES:phase_3:AFR",1320
"234","rs150954431",0.979827089337176,"C","1000GENOMES:phase_3:AMR",680
"244","rs150954431",0.0201729106628242,"T","1000GENOMES:phase_3:AMR",14
"254","rs150954431",0.00819672131147541,"T","1000GENOMES:phase_3:ASW",1
"264","rs150954431",0.991803278688525,"C","1000GENOMES:phase_3:ASW",121
"276","rs150954431",0.994186046511628,"C","1000GENOMES:phase_3:BEB",171
"286","rs150954431",0.00581395348837209,"T","1000GENOMES:phase_3:BEB",1
"297","rs150954431",1,"C","1000GENOMES:phase_3:CDX",186
"307","rs150954431",0.954545454545455,"C","1000GENOMES:phase_3:CEU",189
"317","rs150954431",0.0454545454545455,"T","1000GENOMES:phase_3:CEU",9
"329","rs150954431",1,"C","1000GENOMES:phase_3:CHB",206
"339","rs150954431",1,"C","1000GENOMES:phase_3:CHS",210
"349","rs150954431",0.0372340425531915,"T","1000GENOMES:phase_3:CLM",7
"359","rs150954431",0.962765957446808,"C","1000GENOMES:phase_3:CLM",181
"369","rs150954431",1,"C","1000GENOMES:phase_3:EAS",1008
"379","rs150954431",1,"C","1000GENOMES:phase_3:ESN",198
"389","rs150954431",0.0308151093439364,"T","1000GENOMES:phase_3:EUR",31
"399","rs150954431",0.969184890656064,"C","1000GENOMES:phase_3:EUR",975
"409","rs150954431",0.984848484848485,"C","1000GENOMES:phase_3:FIN",195
"419","rs150954431",0.0151515151515152,"T","1000GENOMES:phase_3:FIN",3
"429","rs150954431",0.978021978021978,"C","1000GENOMES:phase_3:GBR",178
"4311","rs150954431",0.021978021978022,"T","1000GENOMES:phase_3:GBR",4
"4411","rs150954431",1,"C","1000GENOMES:phase_3:GIH",206
"4512","rs150954431",0.0233644859813084,"T","1000GENOMES:phase_3:IBS",5
"4612","rs150954431",0.976635514018692,"C","1000GENOMES:phase_3:IBS",209
"4712","rs150954431",1,"C","1000GENOMES:phase_3:ITU",204
"4812","rs150954431",1,"C","1000GENOMES:phase_3:JPT",208
"4912","rs150954431",1,"C","1000GENOMES:phase_3:KHV",198
"5012","rs150954431",0.00505050505050505,"T","1000GENOMES:phase_3:LWK",1
"5112","rs150954431",0.994949494949495,"C","1000GENOMES:phase_3:LWK",197
"5212","rs150954431",1,"C","1000GENOMES:phase_3:GWD",226
"5312","rs150954431",1,"C","1000GENOMES:phase_3:MSL",170
"5412","rs150954431",0.015625,"T","1000GENOMES:phase_3:MXL",2
"5514","rs150954431",0.984375,"C","1000GENOMES:phase_3:MXL",126
"5614","rs150954431",1,"C","1000GENOMES:phase_3:PEL",170
"5714","rs150954431",1,"C","1000GENOMES:phase_3:PJL",192
"5814","rs150954431",0.975961538461538,"C","1000GENOMES:phase_3:PUR",203
"5914","rs150954431",0.0240384615384615,"T","1000GENOMES:phase_3:PUR",5
"6014","rs150954431",0.00204498977505112,"T","1000GENOMES:phase_3:SAS",2
"6113","rs150954431",0.997955010224949,"C","1000GENOMES:phase_3:SAS",976
"6213","rs150954431",0.00490196078431373,"T","1000GENOMES:phase_3:STU",1
"6313","rs150954431",0.995098039215686,"C","1000GENOMES:phase_3:STU",203
"6413","rs150954431",0.0467289719626168,"T","1000GENOMES:phase_3:TSI",10
"6513","rs150954431",0.953271028037383,"C","1000GENOMES:phase_3:TSI",204
"6613","rs150954431",1,"C","1000GENOMES:phase_3:YRI",216
