"","SNP","Global","Global_MAF","ACB","ACB_MAF","AFR","AFR_MAF","AMR","AMR_MAF","ASW","ASW_MAF","BEB","BEB_MAF","CDX","CDX_MAF","CEU","CEU_MAF","CHB","CHB_MAF","CHS","CHS_MAF","CLM","CLM_MAF","EAS","EAS_MAF","ESN","ESN_MAF","EUR","EUR_MAF","FIN","FIN_MAF","GBR","GBR_MAF","GIH","GIH_MAF","IBS","IBS_MAF","ITU","ITU_MAF","JPT","JPT_MAF","KHV","KHV_MAF","LWK","LWK_MAF","GWD","GWD_MAF","MSL","MSL_MAF","MXL","MXL_MAF","PEL","PEL_MAF","PJL","PJL_MAF","PUR","PUR_MAF","SAS","SAS_MAF","STU","STU_MAF","TSI","TSI_MAF","YRI","YRI_MAF","Ancestral","Minor"
"1","rs10777373",0.7284345,0.2715655,0.84895833,0.15104167,0.8419062,0.1580938,0.69884726,0.30115274,0.79508197,0.20491803,0.75581395,0.24418605,0.66666667,0.33333333,0.68686869,0.31313131,0.67961165,0.32038835,0.62380952,0.37619048,0.70212766,0.29787234,0.63789683,0.36210317,0.81313131,0.18686869,0.69284294,0.30715706,0.67171717,0.32828283,0.68131868,0.31868132,0.69902913,0.30097087,0.67757009,0.32242991,0.67647059,0.32352941,0.59134615,0.40865385,0.63131313,0.36868687,0.78787879,0.21212121,0.90707965,0.09292035,0.88235294,0.11764706,0.6796875,0.3203125,0.59411765,0.40588235,0.73958333,0.26041667,0.79326923,0.20673077,0.72597137,0.27402863,0.76470588,0.23529412,0.74299065,0.25700935,0.83796296,0.16203704,"T","C"
"2","rs359268",0.5728834,0.4271166,0.5572917,0.4427083,0.5763994,0.4236006,0.5331412,0.4668588,0.5819672,0.4180328,0.6162791,0.3837209,0.7150538,0.2849462,0.540404,0.459596,0.6165049,0.3834951,0.6238095,0.3761905,0.5797872,0.4202128,0.6220238,0.3779762,0.6515152,0.3484848,0.5248509,0.4751491,0.5656566,0.4343434,0.5549451,0.4450549,0.6504854,0.3495146,0.5280374,0.4719626,0.5980392,0.4019608,0.5240385,0.4759615,0.6414141,0.3585859,0.6060606,0.3939394,0.5309735,0.4690265,0.6117647,0.3882353,0.6875,0.3125,0.5411765,0.4588235,0.6197917,0.3802083,0.5336538,0.4663462,0.6421268,0.3578732,0.7205882,0.2794118,0.5373832,0.4626168,0.5787037,0.4212963,"T","C"
"3","rs5770917",0.87480032,0.12519968,0.94270833,0.05729167,0.9515885,0.0484115,0.85158501,0.14841499,0.94262295,0.05737705,0.86046512,0.13953488,0.7311828,0.2688172,0.94949495,0.05050505,0.77184466,0.22815534,0.68571429,0.31428571,0.89893617,0.10106383,0.73809524,0.26190476,0.95454545,0.04545455,0.96222664,0.03777336,0.97474747,0.02525253,0.94505495,0.05494505,0.81067961,0.18932039,0.96728972,0.03271028,0.80882353,0.19117647,0.78365385,0.21634615,0.71717172,0.28282828,0.94949495,0.05050505,0.98672566,0.01327434,0.90588235,0.09411765,0.75,0.25,0.77647059,0.22352941,0.81770833,0.18229167,0.93269231,0.06730769,0.83844581,0.16155419,0.89705882,0.10294118,0.97196262,0.02803738,0.96296296,0.03703704,"C","T"
"4","rs12471454",0.58127,0.41873,0.671875,0.328125,0.683056,0.316944,0.5144092,0.4855908,0.647541,0.352459,0.5639535,0.4360465,0.5913978,0.4086022,0.5757576,0.4242424,0.6747573,0.3252427,0.6857143,0.3142857,0.5053191,0.4946809,0.6765873,0.3234127,0.7020202,0.2979798,0.555666,0.444334,0.5858586,0.4141414,0.5384615,0.4615385,0.5242718,0.4757282,0.5607477,0.4392523,0.5784314,0.4215686,0.7740385,0.2259615,0.6464646,0.3535354,0.6818182,0.3181818,0.7389381,0.2610619,0.6235294,0.3764706,0.5546875,0.4453125,0.5117647,0.4882353,0.6197917,0.3802083,0.5096154,0.4903846,0.5541922,0.4458078,0.5392157,0.4607843,0.5186916,0.4813084,0.6851852,0.3148148,"C","T"
"5","rs16826005",0.87380192,0.12619808,0.88541667,0.11458333,0.87291982,0.12708018,0.91786744,0.08213256,0.92622951,0.07377049,0.94767442,0.05232558,0.62903226,0.37096774,0.94949495,0.05050505,0.71359223,0.28640777,0.6952381,0.3047619,0.96276596,0.03723404,0.68154762,0.31845238,0.85353535,0.14646465,0.9582505,0.0417495,0.95959596,0.04040404,0.97802198,0.02197802,0.95631068,0.04368932,0.95327103,0.04672897,0.96568627,0.03431373,0.66346154,0.33653846,0.7020202,0.2979798,0.87373737,0.12626263,0.83628319,0.16371681,0.86470588,0.13529412,0.828125,0.171875,0.94705882,0.05294118,0.94791667,0.05208333,0.90865385,0.09134615,0.95501022,0.04498978,0.95588235,0.04411765,0.95327103,0.04672897,0.89351852,0.10648148,"G","A"
"6","rs7725217",0.78674121,0.21325879,0.859375,0.140625,0.903177,0.096823,0.76657061,0.23342939,0.8852459,0.1147541,0.69767442,0.30232558,0.74731183,0.25268817,0.7020202,0.2979798,0.80582524,0.19417476,0.77619048,0.22380952,0.80319149,0.19680851,0.7797619,0.2202381,0.92424242,0.07575758,0.70377734,0.29622266,0.76767677,0.23232323,0.72527473,0.27472527,0.77669903,0.22330097,0.67757009,0.32242991,0.79901961,0.20098039,0.75961538,0.24038462,0.80808081,0.19191919,0.87373737,0.12626263,0.92477876,0.07522124,0.92352941,0.07647059,0.7890625,0.2109375,0.82941176,0.17058824,0.734375,0.265625,0.66826923,0.33173077,0.73619632,0.26380368,0.66666667,0.33333333,0.65420561,0.34579439,0.9212963,0.0787037,"C","A"
"7","rs10097555",0.634385,0.365615,0.625,0.375,0.6240545,0.3759455,0.5389049,0.4610951,0.5655738,0.4344262,0.5755814,0.4244186,0.6827957,0.3172043,0.6161616,0.3838384,0.8009709,0.1990291,0.8047619,0.1952381,0.5212766,0.4787234,0.7777778,0.2222222,0.5959596,0.4040404,0.6242545,0.3757455,0.6565657,0.3434343,0.6483516,0.3516484,0.5873786,0.4126214,0.5981308,0.4018692,0.5637255,0.4362745,0.8461538,0.1538462,0.7424242,0.2575758,0.6363636,0.3636364,0.7212389,0.2787611,0.6823529,0.3176471,0.515625,0.484375,0.5235294,0.4764706,0.5677083,0.4322917,0.5817308,0.4182692,0.5787321,0.4212679,0.5980392,0.4019608,0.6074766,0.3925234,0.5231481,0.4768519,"G","A"
"8","rs6906656",0.78674121,0.21325879,0.64583333,0.35416667,0.63313162,0.36686838,0.73342939,0.26657061,0.69672131,0.30327869,0.81395349,0.18604651,0.93010753,0.06989247,0.88888889,0.11111111,0.91747573,0.08252427,0.90952381,0.09047619,0.77659574,0.22340426,0.9156746,0.0843254,0.65151515,0.34848485,0.85487078,0.14512922,0.82828283,0.17171717,0.87912088,0.12087912,0.7961165,0.2038835,0.78504673,0.21495327,0.80882353,0.19117647,0.90384615,0.09615385,0.91919192,0.08080808,0.67171717,0.32828283,0.58849558,0.41150442,0.58823529,0.41176471,0.7109375,0.2890625,0.61764706,0.38235294,0.88020833,0.11979167,0.80288462,0.19711538,0.82924335,0.17075665,0.84803922,0.15196078,0.89719626,0.10280374,0.61574074,0.38425926,"G","A"
"9","rs74081827",0.936102236,0.063897764,0.848958333,0.151041667,0.858547655,0.141452345,0.959654179,0.040345821,0.844262295,0.155737705,0.965116279,0.034883721,0.956989247,0.043010753,0.98989899,0.01010101,0.966019417,0.033980583,0.99047619,0.00952381,0.973404255,0.026595745,0.951388889,0.048611111,0.838383838,0.161616162,0.982107356,0.017892644,0.994949495,0.005050505,0.972527473,0.027472527,0.951456311,0.048543689,0.971962617,0.028037383,0.980392157,0.019607843,0.875,0.125,0.96969697,0.03030303,0.878787879,0.121212121,0.880530973,0.119469027,0.864705882,0.135294118,0.9140625,0.0859375,0.982352941,0.017647059,0.932291667,0.067708333,0.956730769,0.043269231,0.961145194,0.038854806,0.975490196,0.024509804,0.981308411,0.018691589,0.847222222,0.152777778,"A","G"
"10","rs72699704",0.86002396,0.13997604,0.85416667,0.14583333,0.85400908,0.14599092,0.88040346,0.11959654,0.79508197,0.20491803,0.84883721,0.15116279,0.94086022,0.05913978,0.78787879,0.21212121,0.94174757,0.05825243,0.95238095,0.04761905,0.87765957,0.12234043,0.9484127,0.0515873,0.84848485,0.15151515,0.78230616,0.21769384,0.72727273,0.27272727,0.75824176,0.24175824,0.87378641,0.12621359,0.79906542,0.20093458,0.84803922,0.15196078,0.96634615,0.03365385,0.93939394,0.06060606,0.81313131,0.18686869,0.89380531,0.10619469,0.88823529,0.11176471,0.890625,0.109375,0.96470588,0.03529412,0.82291667,0.17708333,0.80769231,0.19230769,0.84253579,0.15746421,0.81862745,0.18137255,0.8317757,0.1682243,0.86111111,0.13888889,"G","A"
"11","rs56676520",0.86162141,0.13837859,0.73958333,0.26041667,0.72844175,0.27155825,0.9481268,0.0518732,0.76229508,0.23770492,0.94186047,0.05813953,0.8172043,0.1827957,0.95959596,0.04040404,0.8592233,0.1407767,0.81904762,0.18095238,0.94680851,0.05319149,0.82142857,0.17857143,0.72727273,0.27272727,0.94035785,0.05964215,0.86868687,0.13131313,0.96153846,0.03846154,0.96116505,0.03883495,0.95327103,0.04672897,0.92647059,0.07352941,0.78365385,0.21634615,0.82828283,0.17171717,0.71717172,0.28282828,0.68584071,0.31415929,0.72941176,0.27058824,0.9765625,0.0234375,0.98235294,0.01764706,0.9375,0.0625,0.90384615,0.09615385,0.9406953,0.0593047,0.93627451,0.06372549,0.95794393,0.04205607,0.75462963,0.24537037,"A","T"
"12","rs76941679",0.938897764,0.061102236,0.875,0.125,0.887291982,0.112708018,0.9870317,0.0129683,0.93442623,0.06557377,0.947674419,0.052325581,0.935483871,0.064516129,0.994949495,0.005050505,0.839805825,0.160194175,0.933333333,0.066666667,0.994680851,0.005319149,0.898809524,0.101190476,0.883838384,0.116161616,0.985089463,0.014910537,0.95959596,0.04040404,0.983516484,0.016483516,0.980582524,0.019417476,0.990654206,0.009345794,0.965686275,0.034313725,0.855769231,0.144230769,0.934343434,0.065656566,0.929292929,0.070707071,0.814159292,0.185840708,0.864705882,0.135294118,0.9921875,0.0078125,0.994117647,0.005882353,0.979166667,0.020833333,0.971153846,0.028846154,0.968302658,0.031697342,0.965686275,0.034313725,0.995327103,0.004672897,0.930555556,0.069444444,"T","G"
"13","rs60353720",0.6385783,0.3614217,0.8854167,0.1145833,0.8789713,0.1210287,0.6599424,0.3400576,0.8688525,0.1311475,0.5988372,0.4011628,0.7473118,0.2526882,0.8232323,0.1767677,0.7427184,0.2572816,0.747619,0.252381,0.6968085,0.3031915,0.7460317,0.2539683,0.8888889,0.1111111,0.7375746,0.2624254,0.6818182,0.3181818,0.7252747,0.2747253,0.5776699,0.4223301,0.7056075,0.2943925,0.6421569,0.3578431,0.7692308,0.2307692,0.7222222,0.2777778,0.9040404,0.0959596,0.8274336,0.1725664,0.8823529,0.1176471,0.578125,0.421875,0.5058824,0.4941176,0.5572917,0.4427083,0.8028846,0.1971154,0.593047,0.406953,0.5882353,0.4117647,0.7523364,0.2476636,0.8981481,0.1018519,"A","C"
"14","rs76049381",0.8422524,0.1577476,0.63541667,0.36458333,0.64372163,0.35627837,0.91210375,0.08789625,0.70491803,0.29508197,0.94186047,0.05813953,0.9516129,0.0483871,0.88383838,0.11616162,0.91262136,0.08737864,0.92380952,0.07619048,0.93617021,0.06382979,0.92261905,0.07738095,0.67676768,0.32323232,0.88667992,0.11332008,0.91414141,0.08585859,0.86263736,0.13736264,0.95145631,0.04854369,0.88317757,0.11682243,0.94117647,0.05882353,0.89903846,0.10096154,0.92929293,0.07070707,0.63636364,0.36363636,0.56637168,0.43362832,0.57647059,0.42352941,0.921875,0.078125,0.95882353,0.04117647,0.91666667,0.08333333,0.84615385,0.15384615,0.93251534,0.06748466,0.91176471,0.08823529,0.88785047,0.11214953,0.72685185,0.27314815,"C","G"
"15","rs7003908",0.6675319,0.3324681,0.7135417,0.2864583,0.6770045,0.3229955,0.7089337,0.2910663,0.6147541,0.3852459,0.5988372,0.4011628,0.7473118,0.2526882,0.6515152,0.3484848,0.8009709,0.1990291,0.8,0.2,0.6914894,0.3085106,0.7589286,0.2410714,0.6313131,0.3686869,0.6421471,0.3578529,0.7020202,0.2979798,0.7142857,0.2857143,0.5145631,0.4854369,0.5934579,0.4065421,0.5490196,0.4509804,0.7211538,0.2788462,0.7222222,0.2777778,0.7121212,0.2878788,0.6238938,0.3761062,0.7176471,0.2823529,0.765625,0.234375,0.7176471,0.2823529,0.5572917,0.4427083,0.6826923,0.3173077,0.5572597,0.4427403,0.5735294,0.4264706,0.5654206,0.4345794,0.712963,0.287037,"A","C"
"16","rs1553441",0.7498003,0.2501997,0.7447917,0.2552083,0.7344932,0.2655068,0.6815562,0.3184438,0.7377049,0.2622951,0.8023256,0.1976744,0.6666667,0.3333333,0.7727273,0.2272727,0.7135922,0.2864078,0.747619,0.252381,0.7287234,0.2712766,0.7222222,0.2777778,0.7323232,0.2676768,0.7524851,0.2475149,0.7323232,0.2676768,0.7252747,0.2747253,0.8543689,0.1456311,0.7336449,0.2663551,0.8970588,0.1029412,0.8125,0.1875,0.6616162,0.3383838,0.8131313,0.1868687,0.7345133,0.2654867,0.7235294,0.2764706,0.65625,0.34375,0.6,0.4,0.8229167,0.1770833,0.7211538,0.2788462,0.8445808,0.1554192,0.8382353,0.1617647,0.7943925,0.2056075,0.662037,0.337963,"T","A"
"17","rs1551570",0.6655351,0.3344649,0.6666667,0.3333333,0.6323752,0.3676248,0.6930836,0.3069164,0.6229508,0.3770492,0.6627907,0.3372093,0.6935484,0.3064516,0.5505051,0.4494949,0.723301,0.276699,0.7190476,0.2809524,0.6702128,0.3297872,0.7053571,0.2946429,0.5959596,0.4040404,0.5964215,0.4035785,0.6212121,0.3787879,0.5879121,0.4120879,0.684466,0.315534,0.6168224,0.3831776,0.7156863,0.2843137,0.7115385,0.2884615,0.6767677,0.3232323,0.6414141,0.3585859,0.6946903,0.3053097,0.6117647,0.3882353,0.7109375,0.2890625,0.8235294,0.1764706,0.7552083,0.2447917,0.5961538,0.4038462,0.7208589,0.2791411,0.7794118,0.2205882,0.6028037,0.3971963,0.5833333,0.4166667,"T","C"
"18","rs2834188",0.79952077,0.20047923,0.91666667,0.08333333,0.93948563,0.06051437,0.64409222,0.35590778,0.91803279,0.08196721,0.8372093,0.1627907,0.75806452,0.24193548,0.68181818,0.31818182,0.69417476,0.30582524,0.76666667,0.23333333,0.65425532,0.34574468,0.75793651,0.24206349,0.96464646,0.03535354,0.70874751,0.29125249,0.74747475,0.25252525,0.68681319,0.31318681,0.80097087,0.19902913,0.6682243,0.3317757,0.8627451,0.1372549,0.77403846,0.22596154,0.7979798,0.2020202,0.94949495,0.05050505,0.95132743,0.04867257,0.88235294,0.11764706,0.6875,0.3125,0.52941176,0.47058824,0.875,0.125,0.75,0.25,0.85685072,0.14314928,0.90686275,0.09313725,0.75700935,0.24299065,0.97222222,0.02777778,"A","G"
"19","rs9274477",0.6934904,0.3065096,0.6822917,0.3177083,0.6369138,0.3630862,0.6757925,0.3242075,0.6639344,0.3360656,0.7674419,0.2325581,0.8387097,0.1612903,0.6969697,0.3030303,0.7330097,0.2669903,0.7571429,0.2428571,0.7287234,0.2712766,0.7708333,0.2291667,0.6414141,0.3585859,0.6540755,0.3459245,0.8232323,0.1767677,0.6373626,0.3626374,0.7524272,0.2475728,0.5233645,0.4766355,0.7598039,0.2401961,0.8942308,0.1057692,0.6313131,0.3686869,0.7222222,0.2777778,0.539823,0.460177,0.5882353,0.4117647,0.6015625,0.3984375,0.6882353,0.3117647,0.6666667,0.3333333,0.6634615,0.3365385,0.7433538,0.2566462,0.7696078,0.2303922,0.6028037,0.3971963,0.6388889,0.3611111,"G","A"
"20","rs17212223",0.8370607,0.1629393,0.88541667,0.11458333,0.78366112,0.21633888,0.83429395,0.16570605,0.79508197,0.20491803,0.90697674,0.09302326,0.89784946,0.10215054,0.86868687,0.13131313,0.84951456,0.15048544,0.82857143,0.17142857,0.88829787,0.11170213,0.84623016,0.15376984,0.82828283,0.17171717,0.84393638,0.15606362,0.9040404,0.0959596,0.84615385,0.15384615,0.91747573,0.08252427,0.81775701,0.18224299,0.85294118,0.14705882,0.91346154,0.08653846,0.74242424,0.25757576,0.82828283,0.17171717,0.63716814,0.36283186,0.7,0.3,0.796875,0.203125,0.78823529,0.21176471,0.890625,0.109375,0.84615385,0.15384615,0.89468303,0.10531697,0.90686275,0.09313725,0.78971963,0.21028037,0.82407407,0.17592593,"T","C"
"21","rs7744020",0.6761182,0.3238818,0.6666667,0.3333333,0.5741301,0.4258699,0.6224784,0.3775216,0.6311475,0.3688525,0.6976744,0.3023256,0.8602151,0.1397849,0.7323232,0.2676768,0.7475728,0.2524272,0.7619048,0.2380952,0.6861702,0.3138298,0.7748016,0.2251984,0.6010101,0.3989899,0.6650099,0.3349901,0.7222222,0.2777778,0.6813187,0.3186813,0.7961165,0.2038835,0.5981308,0.4018692,0.7647059,0.2352941,0.8701923,0.1298077,0.6363636,0.3636364,0.6616162,0.3383838,0.5265487,0.4734513,0.5647059,0.4352941,0.5390625,0.4609375,0.6470588,0.3529412,0.78125,0.21875,0.5961538,0.4038462,0.7617587,0.2382413,0.7598039,0.2401961,0.6028037,0.3971963,0.5694444,0.4305556,"A","G"
"22","rs9270965",0.69309105,0.30690895,0.66666667,0.33333333,0.78290469,0.21709531,0.62536023,0.37463977,0.70491803,0.29508197,0.5755814,0.4244186,0.56451613,0.43548387,0.5959596,0.4040404,0.76213592,0.23786408,0.74761905,0.25238095,0.54787234,0.45212766,0.71130952,0.28869048,0.73737374,0.26262626,0.65308151,0.34691849,0.58080808,0.41919192,0.64285714,0.35714286,0.62135922,0.37864078,0.68691589,0.31308411,0.69607843,0.30392157,0.65384615,0.34615385,0.81818182,0.18181818,0.76262626,0.23737374,0.93362832,0.06637168,0.85294118,0.14705882,0.5859375,0.4140625,0.67058824,0.32941176,0.640625,0.359375,0.68269231,0.31730769,0.64212679,0.35787321,0.66666667,0.33333333,0.74766355,0.25233645,0.77777778,0.22222222,"A","G"
"23","rs9271117",0.6888978,0.3111022,0.5729167,0.4270833,0.730711,0.269289,0.7175793,0.2824207,0.6311475,0.3688525,0.5348837,0.4651163,0.516129,0.483871,0.6717172,0.3282828,0.7572816,0.2427184,0.7428571,0.2571429,0.6489362,0.3510638,0.6934524,0.3065476,0.6868687,0.3131313,0.666004,0.333996,0.5656566,0.4343434,0.6648352,0.3351648,0.6359223,0.3640777,0.6915888,0.3084112,0.7058824,0.2941176,0.6730769,0.3269231,0.7929293,0.2070707,0.6868687,0.3131313,0.9159292,0.0840708,0.8117647,0.1882353,0.65625,0.34375,0.8058824,0.1941176,0.5729167,0.4270833,0.7451923,0.2548077,0.6308793,0.3691207,0.6862745,0.3137255,0.728972,0.271028,0.75,0.25,"C","T"
"24","rs9327007",0.7775559,0.2224441,0.8229167,0.1770833,0.8124054,0.1875946,0.759366,0.240634,0.8196721,0.1803279,0.7616279,0.2383721,0.6290323,0.3709677,0.8282828,0.1717172,0.684466,0.315534,0.7238095,0.2761905,0.75,0.25,0.7003968,0.2996032,0.7727273,0.2272727,0.8121272,0.1878728,0.7727273,0.2272727,0.7692308,0.2307692,0.8252427,0.1747573,0.8364486,0.1635514,0.7696078,0.2303922,0.7211538,0.2788462,0.7373737,0.2626263,0.8282828,0.1717172,0.8274336,0.1725664,0.8529412,0.1470588,0.7578125,0.2421875,0.7117647,0.2882353,0.8385417,0.1614583,0.8076923,0.1923077,0.7873211,0.2126789,0.7401961,0.2598039,0.8457944,0.1542056,0.7731481,0.2268519,"G","T"
"25","rs7207701",0.735024,0.264976,0.6197917,0.3802083,0.618003,0.381997,0.7795389,0.2204611,0.5819672,0.4180328,0.8372093,0.1627907,0.7311828,0.2688172,0.8282828,0.1717172,0.7815534,0.2184466,0.7190476,0.2809524,0.75,0.25,0.7331349,0.2668651,0.5656566,0.4343434,0.7813121,0.2186879,0.7828283,0.2171717,0.7637363,0.2362637,0.7815534,0.2184466,0.7429907,0.2570093,0.8431373,0.1568627,0.6682692,0.3317308,0.7676768,0.2323232,0.6464646,0.3535354,0.6548673,0.3451327,0.6352941,0.3647059,0.7734375,0.2265625,0.8529412,0.1470588,0.8072917,0.1927083,0.75,0.25,0.8159509,0.1840491,0.8137255,0.1862745,0.7897196,0.2102804,0.6064815,0.3935185,"C","T"
"26","rs16966122",0.87719649,0.12280351,0.81770833,0.18229167,0.83509834,0.16490166,0.9351585,0.0648415,0.85245902,0.14754098,0.88953488,0.11046512,0.86021505,0.13978495,0.85858586,0.14141414,0.91262136,0.08737864,0.94761905,0.05238095,0.94680851,0.05319149,0.9077381,0.0922619,0.7979798,0.2020202,0.85785288,0.14214712,0.86868687,0.13131313,0.81318681,0.18681319,0.86893204,0.13106796,0.87850467,0.12149533,0.92156863,0.07843137,0.91826923,0.08173077,0.89393939,0.10606061,0.86868687,0.13131313,0.84955752,0.15044248,0.85882353,0.14117647,0.953125,0.046875,0.95882353,0.04117647,0.84375,0.15625,0.89423077,0.10576923,0.88139059,0.11860941,0.88235294,0.11764706,0.86448598,0.13551402,0.81018519,0.18981481,"A","G"
"27","rs2859998",0.6559505,0.3440495,0.7604167,0.2395833,0.7912254,0.2087746,0.537464,0.462536,0.7868852,0.2131148,0.6686047,0.3313953,0.5806452,0.4193548,0.6868687,0.3131313,0.5291262,0.4708738,0.6142857,0.3857143,0.5691489,0.4308511,0.5248016,0.4751984,0.8282828,0.1717172,0.7057654,0.2942346,0.6262626,0.3737374,0.7197802,0.2802198,0.6407767,0.3592233,0.7429907,0.2570093,0.7303922,0.2696078,0.6201923,0.3798077,0.5252525,0.4747475,0.7626263,0.2373737,0.7300885,0.2699115,0.8882353,0.1117647,0.6015625,0.3984375,0.7647059,0.2352941,0.7239583,0.2760417,0.5913462,0.4086538,0.694274,0.305726,0.7058824,0.2941176,0.7476636,0.2523364,0.8009259,0.1990741,"G","A"
"28","rs12425451",0.57907348,0.42092652,0.90104167,0.09895833,0.93797277,0.06202723,0.74063401,0.25936599,0.81147541,0.18852459,0.71511628,0.28488372,0.90322581,0.09677419,0.72727273,0.27272727,0.89805825,0.10194175,0.9047619,0.0952381,0.74468085,0.25531915,0.90972222,0.09027778,0.97474747,0.02525253,0.69284294,0.30715706,0.7020202,0.2979798,0.67582418,0.32417582,0.72330097,0.27669903,0.69626168,0.30373832,0.72058824,0.27941176,0.91826923,0.08173077,0.92424242,0.07575758,0.91414141,0.08585859,0.96017699,0.03982301,0.97058824,0.02941176,0.765625,0.234375,0.84705882,0.15294118,0.671875,0.328125,0.63461538,0.36538462,0.70552147,0.29447853,0.69607843,0.30392157,0.6635514,0.3364486,0.98148148,0.01851852,"C","T"
"29","rs2858884",0.79313099,0.20686901,0.75,0.25,0.65960666,0.34039334,0.85302594,0.14697406,0.69672131,0.30327869,0.84302326,0.15697674,0.98387097,0.01612903,0.80808081,0.19191919,0.91747573,0.08252427,0.99047619,0.00952381,0.88297872,0.11702128,0.93551587,0.06448413,0.62626263,0.37373737,0.80715706,0.19284294,0.84848485,0.15151515,0.79120879,0.20879121,0.7815534,0.2184466,0.79439252,0.20560748,0.71078431,0.28921569,0.85576923,0.14423077,0.93434343,0.06565657,0.72222222,0.27777778,0.50884956,0.49115044,0.58823529,0.41176471,0.8203125,0.1796875,0.92941176,0.07058824,0.75520833,0.24479167,0.78365385,0.21634615,0.76993865,0.23006135,0.76960784,0.23039216,0.79439252,0.20560748,0.74537037,0.25462963,"A","C"
"30","rs4796285",0.5335463,0.4664537,0.6822917,0.3177083,0.6747352,0.3252648,0.6195965,0.3804035,0.5901639,0.4098361,0.5872093,0.4127907,0.7150538,0.2849462,0.5505051,0.4494949,0.776699,0.223301,0.7285714,0.2714286,0.5744681,0.4255319,0.7529762,0.2470238,0.7424242,0.2575758,0.6202783,0.3797217,0.5808081,0.4191919,0.7087912,0.2912088,0.6116505,0.3883495,0.6168224,0.3831776,0.6176471,0.3823529,0.7980769,0.2019231,0.7424242,0.2575758,0.6818182,0.3181818,0.6061947,0.3938053,0.6352941,0.3647059,0.6171875,0.3828125,0.6235294,0.3764706,0.6041667,0.3958333,0.6586538,0.3413462,0.6165644,0.3834356,0.6568627,0.3431373,0.6495327,0.3504673,0.75,0.25,"G","A"
"31","rs11074782",0.81948882,0.18051118,0.90104167,0.09895833,0.93494705,0.06505295,0.8054755,0.1945245,0.94262295,0.05737705,0.84883721,0.15116279,0.75268817,0.24731183,0.73232323,0.26767677,0.77669903,0.22330097,0.76666667,0.23333333,0.79255319,0.20744681,0.7797619,0.2202381,0.94444444,0.05555556,0.69681909,0.30318091,0.72222222,0.27777778,0.64835165,0.35164835,0.85436893,0.14563107,0.6588785,0.3411215,0.8627451,0.1372549,0.80769231,0.19230769,0.79292929,0.20707071,0.94949495,0.05050505,0.9380531,0.0619469,0.93529412,0.06470588,0.734375,0.265625,0.84117647,0.15882353,0.77604167,0.22395833,0.83173077,0.16826923,0.8404908,0.1595092,0.85784314,0.14215686,0.71962617,0.28037383,0.93518519,0.06481481,"C","T"
"32","rs74472562",0.8668131,0.1331869,0.67708333,0.32291667,0.64901664,0.35098336,0.93659942,0.06340058,0.72131148,0.27868852,0.90697674,0.09302326,0.96774194,0.03225806,0.97979798,0.02020202,0.98543689,0.01456311,0.97619048,0.02380952,0.92021277,0.07978723,0.97123016,0.02876984,0.65151515,0.34848485,0.96819085,0.03180915,0.97474747,0.02525253,0.98901099,0.01098901,0.91747573,0.08252427,0.96261682,0.03738318,0.86764706,0.13235294,0.94711538,0.05288462,0.97979798,0.02020202,0.57070707,0.42929293,0.65486726,0.34513274,0.65294118,0.34705882,0.9765625,0.0234375,0.95294118,0.04705882,0.94270833,0.05729167,0.91346154,0.08653846,0.8997955,0.1002045,0.86764706,0.13235294,0.93925234,0.06074766,0.64351852,0.35648148,"C","T"
"33","rs2743173",0.5273562,0.4726438,0.7395833,0.2604167,0.7503782,0.2496218,0.6181556,0.3818444,0.6147541,0.3852459,0.5290698,0.4709302,0.6129032,0.3870968,0.510101,0.489899,0.5485437,0.4514563,0.6,0.4,0.606383,0.393617,0.577381,0.422619,0.8080808,0.1919192,0.5198807,0.4801193,0.5808081,0.4191919,0.5549451,0.4450549,0.6019417,0.3980583,0.5140187,0.4859813,0.5098039,0.4901961,0.5576923,0.4423077,0.5707071,0.4292929,0.7424242,0.2575758,0.7699115,0.2300885,0.7705882,0.2294118,0.65625,0.34375,0.7294118,0.2705882,0.5104167,0.4895833,0.5144231,0.4855769,0.5143149,0.4856851,0.5294118,0.4705882,0.5607477,0.4392523,0.7546296,0.2453704,"C","T"
"34","rs72699765",0.923123,0.076877,0.93229167,0.06770833,0.93267776,0.06732224,0.88904899,0.11095101,0.91803279,0.08196721,0.89534884,0.10465116,0.87634409,0.12365591,0.91919192,0.08080808,0.95631068,0.04368932,0.95238095,0.04761905,0.87234043,0.12765957,0.93551587,0.06448413,0.91919192,0.08080808,0.92644135,0.07355865,0.8989899,0.1010101,0.90659341,0.09340659,0.9368932,0.0631068,0.94859813,0.05140187,0.88235294,0.11764706,0.97115385,0.02884615,0.91414141,0.08585859,0.95959596,0.04040404,0.92477876,0.07522124,0.94705882,0.05294118,0.8828125,0.1171875,0.84117647,0.15882353,0.93229167,0.06770833,0.94711538,0.05288462,0.91820041,0.08179959,0.94117647,0.05882353,0.95327103,0.04672897,0.92592593,0.07407407,"A","G"
"35","rs7553711",0.61042332,0.38957668,0.765625,0.234375,0.79954614,0.20045386,0.65994236,0.34005764,0.75409836,0.24590164,0.73837209,0.26162791,0.85483871,0.14516129,0.71212121,0.28787879,0.89320388,0.10679612,0.91428571,0.08571429,0.73404255,0.26595745,0.89087302,0.10912698,0.75252525,0.24747475,0.71073559,0.28926441,0.76767677,0.23232323,0.73626374,0.26373626,0.70873786,0.29126214,0.68691589,0.31308411,0.77941176,0.22058824,0.93269231,0.06730769,0.85353535,0.14646465,0.80808081,0.19191919,0.84513274,0.15486726,0.8,0.2,0.671875,0.328125,0.74117647,0.25882353,0.69270833,0.30729167,0.51923077,0.48076923,0.73721881,0.26278119,0.76470588,0.23529412,0.6588785,0.3411215,0.84259259,0.15740741,"C","T"
"36","rs10915020",0.89177316,0.10822684,0.88541667,0.11458333,0.903177,0.096823,0.84870317,0.15129683,0.93442623,0.06557377,0.93023256,0.06976744,0.8655914,0.1344086,0.88383838,0.11616162,0.92718447,0.07281553,0.93333333,0.06666667,0.83510638,0.16489362,0.91170635,0.08829365,0.91919192,0.08080808,0.89463221,0.10536779,0.90909091,0.09090909,0.92857143,0.07142857,0.89805825,0.10194175,0.88785047,0.11214953,0.8627451,0.1372549,0.93269231,0.06730769,0.89393939,0.10606061,0.87373737,0.12626263,0.92035398,0.07964602,0.89411765,0.10588235,0.875,0.125,0.75294118,0.24705882,0.85416667,0.14583333,0.92307692,0.07692308,0.88343558,0.11656442,0.87745098,0.12254902,0.86915888,0.13084112,0.90277778,0.09722222,"T","A"
"37","rs2834168",0.7705671,0.2294329,0.828125,0.171875,0.8441755,0.1558245,0.7132565,0.2867435,0.7868852,0.2131148,0.7383721,0.2616279,0.8225806,0.1774194,0.6969697,0.3030303,0.7475728,0.2524272,0.8238095,0.1761905,0.643617,0.356383,0.7936508,0.2063492,0.8686869,0.1313131,0.7127237,0.2872763,0.7626263,0.2373737,0.7142857,0.2857143,0.6990291,0.3009709,0.7009346,0.2990654,0.7794118,0.2205882,0.7596154,0.2403846,0.8181818,0.1818182,0.8535354,0.1464646,0.8495575,0.1504425,0.8058824,0.1941176,0.75,0.25,0.7176471,0.2823529,0.6770833,0.3229167,0.75,0.25,0.7474438,0.2525562,0.8382353,0.1617647,0.6915888,0.3084112,0.8842593,0.1157407,"G","A"
"38","rs1027327",0.79532748,0.20467252,0.89583333,0.10416667,0.84341906,0.15658094,0.75072046,0.24927954,0.8442623,0.1557377,0.76744186,0.23255814,0.71505376,0.28494624,0.92929293,0.07070707,0.65533981,0.34466019,0.65238095,0.34761905,0.82446809,0.17553191,0.66964286,0.33035714,0.85353535,0.14646465,0.91252485,0.08747515,0.93434343,0.06565657,0.93956044,0.06043956,0.76699029,0.23300971,0.85981308,0.14018692,0.78921569,0.21078431,0.62019231,0.37980769,0.71212121,0.28787879,0.82828283,0.17171717,0.82300885,0.17699115,0.75882353,0.24117647,0.6484375,0.3515625,0.65294118,0.34705882,0.75,0.25,0.82692308,0.17307692,0.77096115,0.22903885,0.77941176,0.22058824,0.90654206,0.09345794,0.88888889,0.11111111,"A","G"
"39","rs3181077",0.866214058,0.133785942,0.942708333,0.057291667,0.952344932,0.047655068,0.854466859,0.145533141,0.950819672,0.049180328,0.854651163,0.145348837,0.946236559,0.053763441,0.702020202,0.297979798,0.912621359,0.087378641,0.90952381,0.09047619,0.85106383,0.14893617,0.907738095,0.092261905,0.944444444,0.055555556,0.744532803,0.255467197,0.742424242,0.257575758,0.758241758,0.241758242,0.844660194,0.155339806,0.724299065,0.275700935,0.794117647,0.205882353,0.850961538,0.149038462,0.924242424,0.075757576,0.919191919,0.080808081,0.951327434,0.048672566,0.994117647,0.005882353,0.84375,0.15625,0.894117647,0.105882353,0.864583333,0.135416667,0.831730769,0.168269231,0.840490798,0.159509202,0.848039216,0.151960784,0.794392523,0.205607477,0.967592593,0.032407407,"T","C"
"40","rs198811",0.62420128,0.37579872,0.50520833,0.49479167,0.56429652,0.43570348,0.63400576,0.36599424,0.60655738,0.39344262,0.65697674,0.34302326,0.93010753,0.06989247,0.65151515,0.34848485,0.84951456,0.15048544,0.89047619,0.10952381,0.58510638,0.41489362,0.85813492,0.14186508,0.55050505,0.44949495,0.61630219,0.38369781,0.71212121,0.28787879,0.57142857,0.42857143,0.66990291,0.33009709,0.50934579,0.49065421,0.62745098,0.37254902,0.84615385,0.15384615,0.77777778,0.22222222,0.5,0.5,0.61504425,0.38495575,0.59411765,0.40588235,0.6484375,0.3515625,0.78823529,0.21176471,0.61458333,0.38541667,0.54326923,0.45673077,0.6390593,0.3609407,0.62745098,0.37254902,0.64018692,0.35981308,0.59722222,0.40277778,"T","C"
"41","rs4290173",0.77296326,0.22703674,0.50520833,0.49479167,0.5279879,0.4720121,0.89913545,0.10086455,0.54918033,0.45081967,0.79651163,0.20348837,0.77956989,0.22043011,0.88888889,0.11111111,0.87378641,0.12621359,0.9,0.1,0.87234043,0.12765957,0.86011905,0.13988095,0.52525253,0.47474747,0.87972167,0.12027833,0.85858586,0.14141414,0.90659341,0.09340659,0.82038835,0.17961165,0.89252336,0.10747664,0.83333333,0.16666667,0.88942308,0.11057692,0.84848485,0.15151515,0.53535354,0.46464646,0.52212389,0.47787611,0.57647059,0.42352941,0.9375,0.0625,0.97647059,0.02352941,0.81770833,0.18229167,0.83653846,0.16346154,0.81492843,0.18507157,0.80392157,0.19607843,0.85514019,0.14485981,0.5462963,0.4537037,"C","T"
